"_primaryKey","_firstSeenAt","_lastSeenAt","listingId","vin","price","expectedPrice","priceDifferential","dealScore","dealRatingKey","mileage","vehicleCondition","stockNumber","year","make","model","trim","bodyStyle","exteriorColor","interiorColor","transmission","drivetrain","engine","fuelType","fuelTankCapacity","mpgCity","mpgHighway","mpgCombined","numberOfDoors","description","options","images","imagesCount","daysAtDealer","daysOnMarket","accidentCount","ownerCount","hasVehicleHistoryReport","optionsCount","highLeverage","isNationwideShipper","entityId","carId","makeId","modelId","postalCode","sellerId","sellerType","sellerName","sellerStreet","sellerCity","sellerState","sellerPostalCode","sellerCountry","sellerLatitude","sellerLongitude","sellerPhone","sellerPhoneSMS","sellerWebsite","isFranchiseDealer","sellerSalesStatus","sellerRating","sellerReviewCount","listingUrl"
"444567707","2026-04-06 23:49:35.598","2026-04-06 23:49:35.598","444567707","[PREMIUM]","[PREMIUM]","[PREMIUM]",,"[PREMIUM]","NA",,"USED","TF252750",2026,"Chevrolet","Silverado 2500HD","Work Truck RWD","pickup_truck","White","Black","Automatic","4X2","401 hp 6.6L V8","Gasoline",35.9,,,,"2 doors",,"['Navigation System','Steel Wheels','Bluetooth','Backup Camera']","[PREMIUM]",,0,0,,,,4,,,"t115738",34166,"m1","d634","85023",47174,"DEALER","[PREMIUM]","[PREMIUM]","Phoenix","AZ","85023","US","[PREMIUM]","[PREMIUM]","[PREMIUM]","[PREMIUM]","[PREMIUM]",true,"PAYING",2.5,8,"[PREMIUM]"
"442570736","2026-04-06 23:44:13.702","2026-04-06 23:44:13.702","442570736","[PREMIUM]","[PREMIUM]","[PREMIUM]",,"[PREMIUM]","NA",,"USED","M2600329",2026,"Mercedes-Benz","GLA","250 FWD","crossover","NIGHT BLACK","BLACK MB-TEX","8-Speed Automatic","Front-Wheel Drive","221 hp 2L I4","Gasoline",13.5,,,,"4 doors",,"[]","[PREMIUM]",,21,21,0,,true,,,true,"t115488",34119,"m43","d2286","85715",303166,"DEALER","[PREMIUM]","[PREMIUM]","Tucson","AZ","85715","US","[PREMIUM]","[PREMIUM]","[PREMIUM]","[PREMIUM]","[PREMIUM]",true,"PAYING",4.6,10,"[PREMIUM]"
"442570735","2026-04-06 23:44:13.471","2026-04-06 23:44:13.471","442570735","[PREMIUM]","[PREMIUM]","[PREMIUM]",,"[PREMIUM]","NA",,"USED","M2600324",2026,"Mercedes-Benz","GLB","250 FWD","suv","POLAR WHITE","BLACK MB-TEX","8-Speed Automatic","Front-Wheel Drive","221 hp 2L I4","Gasoline",15.9,,,,"4 doors",,"[]","[PREMIUM]",,21,21,0,,true,,,true,"t115491",34120,"m43","d2905","85715",303166,"DEALER","[PREMIUM]","[PREMIUM]","Tucson","AZ","85715","US","[PREMIUM]","[PREMIUM]","[PREMIUM]","[PREMIUM]","[PREMIUM]",true,"PAYING",4.6,10,"[PREMIUM]"
"444567921","2026-04-06 23:44:12.966","2026-04-06 23:44:12.966","444567921","[PREMIUM]","[PREMIUM]","[PREMIUM]",,"[PREMIUM]","NA",1671,"USED","267251A",2026,"GMC","Sierra 3500HD","Denali Ultimate","pickup_truck","Sterling Metallic","Alpine Umber, Full Grain Leather seating surfaces","Automatic","Four-Wheel Drive","470 hp 6.6L V8 Biodiesel","Biodiesel",35.9,,,,"4 doors",,"[]","[PREMIUM]",,0,0,,,,,,,"t115914",34181,"m26","d973","85260",303122,"DEALER","[PREMIUM]","[PREMIUM]","Scottsdale","AZ","85260","US","[PREMIUM]","[PREMIUM]","[PREMIUM]","[PREMIUM]","[PREMIUM]",true,"PAYING",3.5384617,26,"[PREMIUM]"
"439940668","2026-04-06 23:44:12.700","2026-04-06 23:44:12.700","439940668","[PREMIUM]","[PREMIUM]","[PREMIUM]",,"[PREMIUM]","NA",,"USED","260071",2026,"Toyota","Crown","Limited AWD","sedan",,,"Continuously Variable Transmission","All-Wheel Drive","2.5L I4 Hybrid","Hybrid",,,,,"4 doors","[!@@Additional Info@@!]Leather Seat Trim,Radio: 12.3"" Toyota Audio Multimedia,8-Way Adjustable Heated/Ventilated Front Seats,4-Wheel Disc Brakes,Emergency communication system: Safety Connect (5-year minimum),Navigation system: Dynamic Navigation (3-year trial),Apple CarPlay/Android Auto,Auto High-beam Headlights,Exterior Parking Camera Rear,AM/FM radio: SiriusXM,Compass,Auto-dimming Rear-View mirror,Front beverage holders,Ventilated front seats,Variably intermittent wipers,Turn signal indicator mirrors,Trip computer,Traction control,Tilt steering wheel,Telescoping steering wheel,Steering wheel mounted audio controls,Split folding rear seat,Speed-sensing steering,Speed control,Security system,Remote keyless entry,Rear window defroster,Rear seat center armrest,Rear reading lights,Rear anti-roll bar,Radio data system,Power windows,Power steering,Power passenger seat,Power driver seat,Power door mirrors,Passenger vanity mirror,Passenger door bin,Panic alarm,Overhead console,Overhead airbag,Outside temperature display,Occupant sensing airbag,Low tire pressure warning,Leather steering wheel,Knee airbag,Illuminated entry,Heated steering wheel,Heated rear seats,Heated front seats,Heated door mirrors,Garage door transmitter: HomeLink,Fully automatic headlights,Front reading lights,Front dual zone A/C,Front anti-roll bar,Four wheel independent suspension,Dual front side impact airbags,Dual front impact airbags,Driver vanity mirror,Driver door bin,Delay-off headlights,Bumpers: body-color,Brake assist,Automatic temperature control,Alloy wheels,ABS brakes,Tachometer,Leather Shift Knob,Front Center Armrest,Front Bucket Seats,Electronic Stability Control,Air Conditioning","['Navigation System','Limited Package','Alloy Wheels','Technology Package','Backup Camera','Heated Seats','Android Auto','CarPlay']","[PREMIUM]",,1,51,0,,true,8,true,true,"c34048",34048,"m7","d1156","85260",343903,"DEALER","[PREMIUM]","[PREMIUM]","Scottsdale","AZ","85260","US","[PREMIUM]","[PREMIUM]","[PREMIUM]","[PREMIUM]","[PREMIUM]",,"PAYING",5,4,"[PREMIUM]"
"444552386","2026-04-06 23:39:32.804","2026-04-20 07:45:44.452","444552386","[PREMIUM]","[PREMIUM]","[PREMIUM]",-4790,"[PREMIUM]","OVERPRICED",251255,"USED","TP5133",2018,"Ford","F-250 Super Duty","XL","pickup_truck","Shadow Black","Medium Earth Gray","Automatic","Four-Wheel Drive","385 hp 6.2L V8 Flex Fuel Vehicle","Flex Fuel Vehicle",34,,,,"4 doors","Recent Arrival! This 2018 Shadow Black Ford F-250 SuperDuty XLT 4WD is well equipped and includes these features and benefits:*4X4*, *TOW PACKAGE*, *USB PORT*, 4WD, 3.73 Axle Ratio, Alloy wheels, AM/FM radio: SiriusXM, Brake assist, Bumpers: chrome, CD player, Compass, Delay-off headlights, Driver door bin, Driver vanity mirror, Electronic Stability Control, Emergency communication system: 911 Assist, Exterior Parking Camera Rear, Front reading lights, Fully automatic headlights, GVWR: 10,000 lb Payload Package, Heated door mirrors, Illuminated entry, Order Code 603A, Passenger vanity mirror, Power door mirrors, Power windows, Privacy Glass, Radio: AM/FM Stereo/Single-CD/MP3 Player, Remote keyless entry, Security system, SiriusXM Radio, Speed control, Split folding rear seat, Steering wheel mounted audio controls, SYNC Communications & Entertainment System, Tachometer, Telescoping steering wheel, Tilt steering wheel, Traction control, Turn signal indicator mirrors, Variably intermittent wipers, Wheels: 18 Sparkle Silver Painted Cast Aluminum.Awards: * 2018 KBB.com Brand Image Awards * 2018 KBB.com 10 Most Awarded BrandsTHERE'S NOTHING LIKE FREEDOM!!!! 2018 Ford F-250SD XLT 4WD EXTENDED CAB","['Backup Camera','Tow Package','Alloy Wheels']","[PREMIUM]",4,14,14,1,4,true,3,,,"t74209",26865,"m2","d341","24219",371265,"DEALER","[PREMIUM]","[PREMIUM]","Big Stone Gap","VA","24219","US","[PREMIUM]","[PREMIUM]","[PREMIUM]","[PREMIUM]","[PREMIUM]",true,"PAYING",4,1,"[PREMIUM]"
"444382596","2026-04-06 23:39:21.614","2026-04-06 23:39:21.614","444382596","[PREMIUM]","[PREMIUM]","[PREMIUM]",-3029,"[PREMIUM]","OVERPRICED",77446,"USED","AA779172",2019,"RAM","1500","Limited","pickup_truck",,,"8-Speed Automatic","Four-Wheel Drive",,,26,,,,"4 doors","[!@@Additional Info@@!]Automatic 8-Spd,4-Corner Suspension,4WD,ABS (4-Wheel),AM/FM/HD Radio,Air Bags (Side): Front,Air Bags: Dual Front,Air Bags: F&R Head Curtain,Air Conditioning,Alarm System,Bed Liner,Blind-Spot Alert,Bluetooth Connection,CD/MP3: Single Disc,Camera: Backup/Rear View,Cruise Control: Sensing,Daytime Running Lights,Electronic Stability Control,Fog Lamps,Harman Kardon Sound,Hill Start Assist,LED Headlamps,Lane Departure Warning System,Leather,Park Assist: Front & Rear,Power Door Locks,Power Sliding Rear Window,Power Steering,Power Windows,Premium Sound,Roof: Dual Moonroofs,Running Boards,Seats: Dual Power,Seats: Heated,Seats: Ventilated,Tilt & Telescoping Wheel,Towing Pkg,Traction Control,Uconnect","['Leather Seats','Navigation System','Alloy Wheels','Bluetooth','Backup Camera','Remote Start','Blind Spot Monitoring','Parking Sensors','Heated Seats']","[PREMIUM]",,3,3,0,1,true,9,,,"t77815",27482,"m191","d2110","50548",350960,"DEALER","[PREMIUM]","[PREMIUM]","Humboldt","IA","50548","US","[PREMIUM]","[PREMIUM]","[PREMIUM]","[PREMIUM]","[PREMIUM]",,"PAYING",0,0,"[PREMIUM]"
"444561058","2026-04-06 23:39:21.191","2026-04-11 18:21:50.745","444561058","[PREMIUM]","[PREMIUM]","[PREMIUM]",-7523,"[PREMIUM]","OVERPRICED",245000,"USED","10051",2021,"RAM","3500","Tradesman","pickup_truck","Gray","Gray","Automatic","Four-Wheel Drive",,,32,,,,"4 doors","high output 6.7L cummins with Aisin transmission.4X4. 50 gal fuel tank. 360 camera. 8 ft bed, gooseneck, no rust[!@@Additional Info@@!]Air Conditioning; Power Windows; Power Locks; Power Steering; Tilt Wheel; AM/FM CD/MP3; Satellite; Passive sentry key; Daytime Running Lights; Dual Air Bags Front and Sides; Active Belts; Crew Cab; All Wheel ABS","['Steel Wheels','Bluetooth','Backup Camera']","[PREMIUM]",20,5,5,0,2,true,3,,,"t95157",30814,"m191","d2103","30075",444483,"DEALER","[PREMIUM]","[PREMIUM]","Roswell","GA","30075","US","[PREMIUM]","[PREMIUM]","[PREMIUM]","[PREMIUM]","[PREMIUM]",,"PAYING",,,"[PREMIUM]"
"443805969","2026-04-06 23:39:20.846","2026-04-06 23:39:20.846","443805969","[PREMIUM]","[PREMIUM]","[PREMIUM]",,"[PREMIUM]","NA",124147,"USED","1565",2021,"Ford","Edge","SE FWD","crossover","Brown",,"Automatic","Front-Wheel Drive","250 hp 2L I4","Gasoline",18.4,21,29,24.6,"4 doors",,"['Alloy Wheels','Bluetooth','Backup Camera','Blind Spot Monitoring']","[PREMIUM]",,8,8,1,1,true,4,,,"t96239",30858,"m2","d923","37148",414688,"DEALER","[PREMIUM]","[PREMIUM]","Portland","TN","37148","US","[PREMIUM]","[PREMIUM]","[PREMIUM]","[PREMIUM]","[PREMIUM]",,"AVAILABLE",0,0,"[PREMIUM]"
"444481462","2026-04-06 23:34:30.064","2026-04-06 23:34:30.064","444481462","[PREMIUM]","[PREMIUM]","[PREMIUM]",,"[PREMIUM]","NA",,"CPO","17787",2023,"Chrysler","Pacifica","Touring L FWD","minivan","White",,"9-Speed Automatic","Front-Wheel Drive","287 hp 3.6L V6","Gasoline",19,19,28,23.05,"4 doors",,"[]","[PREMIUM]",,2,2,0,1,true,,,,"t106030",32624,"m23","d177","38261",298087,"DEALER","[PREMIUM]","[PREMIUM]","Union City","TN","38261","US","[PREMIUM]","[PREMIUM]","[PREMIUM]","[PREMIUM]","[PREMIUM]",true,"AVAILABLE",4.3333335,3,"[PREMIUM]"
"444555463","2026-04-06 11:44:02.625","2026-04-18 02:55:32.052","444555463","[PREMIUM]","[PREMIUM]","[PREMIUM]",,"[PREMIUM]","NA",298571,"USED","A69499",2014,"Ford","E-Series Chassis","E-350 Super Duty 176 Cutaway RWD","pickup_truck","White","Gray","Automatic","Rear-Wheel Drive","255 hp 5.4L V8 Flex Fuel Vehicle","Flex Fuel Vehicle",40,,,,"2 doors",". The 2014 Ford E-350 Cutaway E-350 Super Duty 176 DRW is a versatile and reliable vehicle that is perfect for all your business needs. With a powerful V8 engine and a spacious interior, this cutaway offers plenty of power and room for all your cargo. Designed for heavy-duty use, this E-350 Super Duty is built to last and can handle any job with ease. Its sleek and modern design is sure to make a statement on the road, while its advanced technology and safety features provide peace of mind on your travels. Upgrade your business fleet with this top-of-the-line Ford E-350 Cutaway and take your business to the next level. #FordE350 #SuperDuty #Versatility #Reliability #PowerfulPerformance #UpgradeYourFleet","['Steel Wheels','Dual Rear Wheels']","[PREMIUM]",,11,12,2,3,true,2,,,"t100186",31096,"m2","d3024","33060",391223,"DEALER","[PREMIUM]","[PREMIUM]","Pompano Beach","FL","33060","US","[PREMIUM]","[PREMIUM]","[PREMIUM]","[PREMIUM]","[PREMIUM]",,"AVAILABLE",0,0,"[PREMIUM]"
"444551873","2026-04-06 11:39:19.734","2026-04-06 11:39:19.734","444551873","[PREMIUM]","[PREMIUM]","[PREMIUM]",,"[PREMIUM]","NA",57485,"USED","KA468748T",2019,"Mercedes-Benz","S-Class","S 560 RWD","sedan",,"Black","Automatic","Rear-Wheel Drive","463 hp 4L V8","Gasoline",21.1,17,27,21.5,"4 doors",,"['Leather Seats','Sunroof/Moonroof','Navigation System','Alloy Wheels','Bluetooth','Backup Camera','Blind Spot Monitoring','Heated Seats']","[PREMIUM]",,0,0,0,2,true,8,,,"t83225",28135,"m43","d82","95661",97649,"DEALER","[PREMIUM]","[PREMIUM]","Roseville","CA","95661","US","[PREMIUM]","[PREMIUM]","[PREMIUM]","[PREMIUM]","[PREMIUM]",true,"PAYING",4.4583335,24,"[PREMIUM]"
"444555477","2026-04-06 11:39:19.517","2026-04-18 00:51:57.098","444555477","[PREMIUM]","[PREMIUM]","[PREMIUM]",-3383,"[PREMIUM]","OVERPRICED",55096,"USED","2451",2019,"Subaru","WRX","Limited AWD","sedan","Blue","Black","Manual","All-Wheel Drive","268 hp 2L H4","Gasoline",15.9,21,27,23.7,"4 doors",,"['Leather Seats','Sunroof/Moonroof','Alloy Wheels','Bluetooth','Backup Camera','Heated Seats']","[PREMIUM]",1,11,12,0,3,true,6,,,"t82144",28137,"m53","d2292","89502",417134,"DEALER","[PREMIUM]","[PREMIUM]","Reno","NV","89502","US","[PREMIUM]","[PREMIUM]","[PREMIUM]","[PREMIUM]","[PREMIUM]",,"PAYING",5,2,"[PREMIUM]"
"443573199","2026-04-06 11:39:19.263","2026-04-06 11:39:19.263","443573199","[PREMIUM]","[PREMIUM]","[PREMIUM]",2859,"[PREMIUM]","GREAT_PRICE",122789,"USED","304108",2019,"Chevrolet","Express Cargo","2500 RWD","van","White",,"4-Speed Automatic","Rear-Wheel Drive","276 hp 4.3L V6","Gasoline",31,,,,"3 doors","Visit Finish Line Auto online at finishlineautogr.com to see more pictures of this vehicle or call us at 616-551-3403 today to schedule your test drive.[!@@Additional Info@@!]ABS Brakes, Driver Airbag, Front Side Airbag, Passenger Airbag, Side Head Curtain Airbag, Steel Wheels","['Steel Wheels','Backup Camera']","[PREMIUM]",,11,11,0,1,true,2,,,"t82394",28179,"m1","d618","49321",318609,"DEALER","[PREMIUM]","[PREMIUM]","Comstock Park","MI","49321","US","[PREMIUM]","[PREMIUM]","[PREMIUM]","[PREMIUM]","[PREMIUM]",,"PAYING",4.75,4,"[PREMIUM]"
"444555043","2026-04-06 11:39:07.923","2026-04-20 07:00:12.529","444555043","[PREMIUM]","[PREMIUM]","[PREMIUM]",-1172,"[PREMIUM]","POOR_PRICE",81879,"USED","21T2511",2021,"Toyota","Corolla","L FWD","sedan","Blue",,"Continuously Variable Transmission","Front-Wheel Drive","1.8L I4","Gasoline",13.2,30,38,33.6,"4 doors","[!@@Additional Info@@!]Power Door Locks,Steel Wheels,SiriusXM Satellite,Automatic, CVT,Tilt & Telescoping Wheel,Vehicle Dynamic Control,Power Windows,AM/FM Stereo,Remote Trunk Release,Knee Air Bags,Stability Control,ABS (4-Wheel),Safety Connect,Dynamic Cruise Control,Backup Camera,Daytime Running Lights,Traction Control,Dual Air Bags,Air Conditioning,F&R Head Curtain Air Bags,Bluetooth Wireless,Hill Start Assist Control,Lane Departure Alert,LED Headlamps,FWD,Power Steering,4-Cyl, 1.8 Liter,Side Air Bags","['Steel Wheels','Bluetooth','Backup Camera','Adaptive Cruise Control']","[PREMIUM]",15,14,14,0,2,true,4,,,"t92965",30416,"m7","d295","23502",353052,"DEALER","[PREMIUM]","[PREMIUM]","Norfolk","VA","23502","US","[PREMIUM]","[PREMIUM]","[PREMIUM]","[PREMIUM]","[PREMIUM]",,"PAYING",4,8,"[PREMIUM]"
"444538944","2026-04-06 11:38:56.102","2026-04-06 11:38:56.102","444538944","[PREMIUM]","[PREMIUM]","[PREMIUM]",,"[PREMIUM]","NA",51198,"USED","G26200-1",2022,"GMC","Sierra 1500","SLE","pickup_truck","Quicksilver Metallic","Jet Black Cloth Seat Trim","Automatic","Four-Wheel Drive","310 hp 2.7L I4","Gasoline",24,17,20,18.35,"4 doors","**FREE ONE YEAR MAINTENANCE!! ** 2022 GMC Sierra 1500 SLE Gray 4WD 2.7L Turbo 8-Speed Automatic 8-Speed Automatic, 4WD, Cloth. Recent Arrival! Come to  Call us at  For help with any of our departments..","['Alloy Wheels','Bluetooth','Backup Camera','Remote Start','Heated Seats']","[PREMIUM]",,1,1,0,1,true,5,,,"t100509",31916,"m26","d116","83301",48572,"DEALER","[PREMIUM]","[PREMIUM]","Twin Falls","ID","83301","US","[PREMIUM]","[PREMIUM]","[PREMIUM]","[PREMIUM]","[PREMIUM]",true,"AVAILABLE",5,1,"[PREMIUM]"
"444375092","2026-04-06 11:34:12.131","2026-04-16 18:07:35.811","444375092","[PREMIUM]","[PREMIUM]","[PREMIUM]",-670,"[PREMIUM]","FAIR_PRICE",60028,"USED","0637",2023,"Volkswagen","Jetta","1.5T Sport FWD","sedan","White","Black","8-Speed Automatic","Front-Wheel Drive","1.5L I4","Gasoline",13.2,31,41,35.5,"4 doors","Discover the perfect blend of style, efficiency, and reliability with this 2023 Volkswagen Jetta SE, featuring only 60,000 miles. This one-owner vehicle boasts a well-serviced CARFAX history and is in fantastic condition, ready to deliver a great driving experience. With a new inspection and impressive fuel efficiency, you'll save money at the gas pumps while enjoying the reliability that Volkswagen is known for. No matter your credit situation, this sedan's appeal will have banks eager to work with you.Key Features:Alloy Wheels for a sporty aestheticAutomatic Transmission for a smooth drivePower Windows for added convenienceTouchscreen Radio with Apple CarPlay compatibilityDigital Dashboard providing essential information at a glanceFor more information or to schedule a test drive, contact NexGen Motors at 724-994-1500 or visit us at nexgenmotors.net for quick and easy financing approval.[!@@Additional Info@@!]Air Conditioning,Hill Hold Assist Control,Blind-Spot Monitor,Keyless Entry,Tilt & Telescoping Wheel,Dual Air Bags,ABS (4-Wheel),4-Cyl Turbo 1.5 Liter,Electronic Stability Control,Bluetooth Wireless,Backup Camera,Servotronic Power Steering,Power Door Locks,F&R Head Curtain Air Bags,Side Air Bags,Daytime Running Lights,Cruise Control,FWD,Alloy Wheels,AM/FM Stereo,LED Headlamps,Automatic 8-Spd & Tiptronic","['Bluetooth','Backup Camera','Blind Spot Monitoring','Alloy Wheels','CarPlay']","[PREMIUM]",24,13,13,4,1,true,5,,,"t104557",32553,"m55","d200","15068",456303,"DEALER","[PREMIUM]","[PREMIUM]","New Kensington","PA","15068","US","[PREMIUM]","[PREMIUM]","[PREMIUM]","[PREMIUM]","[PREMIUM]",,"PAYING",1,1,"[PREMIUM]"
"443000919","2026-04-06 11:34:12.124","2026-04-06 11:34:12.124","443000919","[PREMIUM]","[PREMIUM]","[PREMIUM]",,"[PREMIUM]","NA",59034,"USED","65258B",2023,"Chevrolet","Traverse","LT Cloth AWD","crossover","Sterling Gray Metallic","Jet Black Premium Cloth Seat Trim","9-Speed Automatic","Four-Wheel Drive","310 hp 3.6L V6","Gasoline",21.7,17,25,20.6,"4 doors","NA.","['Alloy Wheels','Bluetooth','Backup Camera','Remote Start','Blind Spot Monitoring','Heated Seats']","[PREMIUM]",,17,17,0,1,true,6,,,"t102546",32315,"m1","d1521","55744",50217,"DEALER","[PREMIUM]","[PREMIUM]","Grand Rapids","MN","55744","US","[PREMIUM]","[PREMIUM]","[PREMIUM]","[PREMIUM]","[PREMIUM]",true,"PAYING",2,1,"[PREMIUM]"
"444183748","2026-04-06 11:34:12.118","2026-04-06 11:34:12.118","444183748","[PREMIUM]","[PREMIUM]","[PREMIUM]",,"[PREMIUM]","NA",77082,"USED","9262",2023,"Ford","Transit Cargo","350 Medium Roof LB RWD","van","Agate Black",,"Automatic","Rear-Wheel Drive","275 hp 3.5L V6 Flex Fuel Vehicle","Flex Fuel Vehicle",25,,,,"3 doors","[!@@Additional Info@@!]Air Conditioning, Power Windows, Power Locks, Power Steering, Tilt Wheel, Immobilizer, Alarm, Dual Air Bags Front And Sides, Active Belts, Van Cab, Regular Bed, All Wheel ABS","[]","[PREMIUM]",,4,4,0,1,true,,,,"t103322",32382,"m2","d1067","02351",154666,"DEALER","[PREMIUM]","[PREMIUM]","Abington","MA","02351","US","[PREMIUM]","[PREMIUM]","[PREMIUM]","[PREMIUM]","[PREMIUM]",,"PAYING",5,1,"[PREMIUM]"
"444313578","2026-04-06 11:34:12.114","2026-04-06 11:34:12.114","444313578","[PREMIUM]","[PREMIUM]","[PREMIUM]",,"[PREMIUM]","NA",8044,"USED","MP2093",2023,"Ford","F-150 Lightning",,,,,"Automatic",," Electric","Electric",,,,,,"[!@@Additional Info@@!]ENGINE: DUAL EMOTOR - EXTENDED RANGE BATTERY (FLT)  -inc: 131 kWh usable capacity extended range high-voltage battery  GVWR: 8 550 lbs (Fleet)  Ford Charge Station Pro  Delivered to customer through 3rd party supplier|Electric Motor|All Wheel Drive|Locking/Limited Slip Differential|Tow Hitch|Power Steering|ABS|4-Wheel Disc Brakes|Brake Assist|Lithium Ion Traction Battery|Aluminum Wheels|Conventional Spare Tire|Tow Hooks|Heated Mirrors|Power Mirror(s)|Privacy Glass|Intermittent Wipers|Variable Speed Intermittent Wipers|Daytime Running Lights|Automatic Headlights|LED Headlights|Automatic Highbeams|AM/FM Stereo|Bucket Seats|Heated Front Seat(s)|Pass-Through Rear Seat|Rear Bench Seat|Adjustable Steering Wheel|WiFi Hotspot|Cruise Control|Climate Control|Multi-Zone A/C|A/C|Auto-Dimming Rearview Mirror|Driver Vanity Mirror|Passenger Vanity Mirror|Navigation System|Bluetooth Connection|Telematics|Security System|Stability Control|Front Side Air Bag|Rear Parking Aid|Blind Spot Monitor|Cross-Traffic Alert|Rear Collision Mitigation|Lane Keeping Assist|Front Collision Mitigation|Driver Monitoring|Tire Pressure Monitor|Driver Air Bag|Passenger Air Bag|Front Head Air Bag|Rear Head Air Bag|Passenger Air Bag Sensor|Knee Air Bag|Driver Restriction Features|Child Safety Locks|Back-Up Camera|Mirror Memory|Driver Adjustable Lumbar","['Navigation System','Alloy Wheels','Bluetooth','Backup Camera','Blind Spot Monitoring','Heated Seats']","[PREMIUM]",1,3,3,0,1,true,6,,,"c32445",32445,"m2","d3147","97128",62641,"DEALER","[PREMIUM]","[PREMIUM]","Mcminnville","OR","97128","US","[PREMIUM]","[PREMIUM]","[PREMIUM]","[PREMIUM]","[PREMIUM]",true,"PAYING",4.857143,7,"[PREMIUM]"
"444551690","2026-04-06 05:33:08.067","2026-04-06 05:33:08.067","444551690","[PREMIUM]","[PREMIUM]","[PREMIUM]",315,"[PREMIUM]","GOOD_PRICE",23109,"USED","16547456",2025,"Kia","Sportage","LX FWD","crossover","White",,"8-Speed Automatic","Front-Wheel Drive","187 hp 2.5L I4","Gasoline",14.3,25,32,28.15,"4 doors","Vehicle image for demonstration purposes only. We make every effort to provide accurate information including but not limited to price, mileage, and vehicle options. This vehicle is part of The Hertz Corporations rental fleet and may currently be on rent and not immediately available for physical inspection or final sale. The vehicle mileage and price listed is an estimate and may change. Prior to any sale, the vehicle will go through pre-delivery inspection to ensure it meets our quality standards. Please verify all information with your local Hertz Car Sales location before visiting the location or purchasing. Estimated prices exclude all taxes, tag, title, registration fees, government fees, finance charge, dealer document processing charge, and any emission testing charge.","['Bluetooth','Backup Camera','Alloy Wheels']","[PREMIUM]",,0,0,1,1,true,3,,,"t111567",33547,"m33","d164","32822",462757,"DEALER","[PREMIUM]","[PREMIUM]",,,,,"[PREMIUM]","[PREMIUM]","[PREMIUM]","[PREMIUM]","[PREMIUM]",,"PAYING",5,1,"[PREMIUM]"
"444551643","2026-04-06 05:32:55.809","2026-04-06 05:32:55.809","444551643","[PREMIUM]","[PREMIUM]","[PREMIUM]",-66,"[PREMIUM]","FAIR_PRICE",27930,"USED","16507306",2025,"Nissan","Altima","2.5 SV FWD","sedan","White",,"Automatic","Front-Wheel Drive","188 hp 2.5L I4","Gasoline",16.2,27,38,31.95,"4 doors","Vehicle image for demonstration purposes only. We make every effort to provide accurate information including but not limited to price, mileage, and vehicle options. This vehicle is part of The Hertz Corporations rental fleet and may currently be on rent and not immediately available for physical inspection or final sale. The vehicle mileage and price listed is an estimate and may change. Prior to any sale, the vehicle will go through pre-delivery inspection to ensure it meets our quality standards. Please verify all information with your local Hertz Car Sales location before visiting the location or purchasing. Estimated prices exclude all taxes, tag, title, registration fees, government fees, finance charge, dealer document processing charge, and any emission testing charge.","['Bluetooth','Backup Camera','Remote Start','Blind Spot Monitoring','Alloy Wheels']","[PREMIUM]",,0,0,0,1,true,5,,,"t112136",33642,"m12","d237","85257",462764,"DEALER","[PREMIUM]","[PREMIUM]",,,,,"[PREMIUM]","[PREMIUM]","[PREMIUM]","[PREMIUM]","[PREMIUM]",,"PAYING",5,1,"[PREMIUM]"
"444550379","2026-04-06 05:31:33.152","2026-04-18 18:15:07.198","444550379","[PREMIUM]","[PREMIUM]","[PREMIUM]",16460,"[PREMIUM]","GREAT_PRICE",9694,"USED","CU3503",2025,"RAM","3500 Chassis","Tradesman","pickup_truck","Diamond Black Crystal Pearlcoat","Diesel Gray Black","Automatic","Four-Wheel Drive","375 hp 6.4L V8","Gasoline",52,,,,"2 doors","This Ram won't be on the lot long! A great truck at a great price! Top features include front fog lights, power door mirrors and heated door mirrors, skid plates, and more. Smooth gearshifts are achieved thanks to the powerful 8 cylinder engine, and for added security, dynamic Stability Control supplements the drivetrain. Four wheel drive allows you to go places you've only imagined. We pride ourselves on providing excellent customer service. Stop by our dealership or give us a call for more information.","['Adaptive Cruise Control','Steel Wheels','Bluetooth']","[PREMIUM]",,13,13,0,1,true,3,,true,"t114031",33874,"m191","d2226","39479",402999,"DEALER","[PREMIUM]","[PREMIUM]","Seminary","MS","39479","US","[PREMIUM]","[PREMIUM]","[PREMIUM]","[PREMIUM]","[PREMIUM]",true,"PAYING",5,1,"[PREMIUM]"
"444551617","2026-04-06 05:31:32.710","2026-04-06 05:31:32.710","444551617","[PREMIUM]","[PREMIUM]","[PREMIUM]",449,"[PREMIUM]","GOOD_PRICE",41607,"USED","16496143",2025,"Jeep","Wrangler","Sahara 4-Door 4WD","suv","White",,"8-Speed Automatic","Four-Wheel Drive","270 hp 2L I4","Gasoline",21.5,20,22,20.9,"4 doors","Vehicle image for demonstration purposes only. We make every effort to provide accurate information including but not limited to price, mileage, and vehicle options. This vehicle is part of The Hertz Corporations rental fleet and may currently be on rent and not immediately available for physical inspection or final sale. The vehicle mileage and price listed is an estimate and may change. Prior to any sale, the vehicle will go through pre-delivery inspection to ensure it meets our quality standards. Please verify all information with your local Hertz Car Sales location before visiting the location or purchasing. Estimated prices exclude all taxes, tag, title, registration fees, government fees, finance charge, dealer document processing charge, and any emission testing charge.","['Adaptive Cruise Control','Alloy Wheels','Bluetooth','Backup Camera','Remote Start','Heated Seats']","[PREMIUM]",,0,0,0,1,true,6,,,"t112942",33695,"m32","d494","27603",463710,"DEALER","[PREMIUM]","[PREMIUM]",,,,,"[PREMIUM]","[PREMIUM]","[PREMIUM]","[PREMIUM]","[PREMIUM]",,"PAYING",,,"[PREMIUM]"
"444551688","2026-04-06 05:31:32.707","2026-04-06 05:31:32.707","444551688","[PREMIUM]","[PREMIUM]","[PREMIUM]",836,"[PREMIUM]","GOOD_PRICE",29457,"USED","16649766",2025,"Toyota","Highlander","LE FWD","crossover","Gray",,"8-Speed Automatic","Front-Wheel Drive","265 hp 2.4L I4","Gasoline",17.9,,,,"4 doors","Vehicle image for demonstration purposes only. We make every effort to provide accurate information including but not limited to price, mileage, and vehicle options. This vehicle is part of The Hertz Corporations rental fleet and may currently be on rent and not immediately available for physical inspection or final sale. The vehicle mileage and price listed is an estimate and may change. Prior to any sale, the vehicle will go through pre-delivery inspection to ensure it meets our quality standards. Please verify all information with your local Hertz Car Sales location before visiting the location or purchasing. Estimated prices exclude all taxes, tag, title, registration fees, government fees, finance charge, dealer document processing charge, and any emission testing charge.","['Bluetooth','Backup Camera','Blind Spot Monitoring','Adaptive Cruise Control']","[PREMIUM]",,0,0,0,1,true,4,,,"t113243",33780,"m7","d298","32822",462757,"DEALER","[PREMIUM]","[PREMIUM]",,,,,"[PREMIUM]","[PREMIUM]","[PREMIUM]","[PREMIUM]","[PREMIUM]",,"PAYING",5,1,"[PREMIUM]"
"444550530","2026-04-06 05:31:32.707","2026-04-06 05:31:32.707","444550530","[PREMIUM]","[PREMIUM]","[PREMIUM]",1561,"[PREMIUM]","GREAT_PRICE",18116,"USED","16593763",2025,"Jeep","Compass","Limited 4WD","crossover","Bright White",,"8-Speed Automatic","Four-Wheel Drive","200 hp 2L I4","Gasoline",13.5,24,32,27.6,"4 doors",,"['Bluetooth','Backup Camera','Blind Spot Monitoring','Adaptive Cruise Control','Heated Seats','Alloy Wheels']","[PREMIUM]",,1,1,0,1,true,6,,,"t111362",33516,"m32","d905","46112",462766,"DEALER","[PREMIUM]","[PREMIUM]",,,,,"[PREMIUM]","[PREMIUM]","[PREMIUM]","[PREMIUM]","[PREMIUM]",,"AVAILABLE",,,"[PREMIUM]"
"443313227","2026-04-06 05:31:32.705","2026-04-06 05:31:32.705","443313227","[PREMIUM]","[PREMIUM]","[PREMIUM]",-10098,"[PREMIUM]","OUTLIER",3225,"USED","PT015149",2025,"Mitsubishi","Outlander Sport","SE AWC","crossover","Diamond",,"Continuously Variable Transmission","All-Wheel Drive","148 hp 2L I4","Gasoline",,,,,"4 doors","[!@@Additional Info@@!]4-Wheel Disc Brakes,Auto High-beam Headlights,Exterior Parking Camera Rear,Auto-dimming Rear-View mirror,Front beverage holders,Variably intermittent wipers,Trip computer,Traction control,Tilt steering wheel,Telescoping steering wheel,Steering wheel mounted audio controls,Split folding rear seat,Speed-sensing steering,Speed control,Security system,Remote keyless entry,Rear window wiper,Rear window defroster,Rear seat center armrest,Rear anti-roll bar,Rain sensing wipers,Radio data system,Power windows,Power steering,Power door mirrors,Passenger vanity mirror,Passenger door bin,Panic alarm,Overhead airbag,Outside temperature display,Occupant sensing airbag,Low tire pressure warning,Knee airbag,Illuminated entry,Heated door mirrors,Fully automatic headlights,Front reading lights,Front anti-roll bar,Four wheel independent suspension,Dual front side impact airbags,Dual front impact airbags,Driver vanity mirror,Driver door bin,Delay-off headlights,Bumpers: body-color,Brake assist,Automatic temperature control,ABS brakes,Tachometer,Spoiler,Front Center Armrest,Front Bucket Seats,Electronic Stability Control,Air Conditioning","['Bluetooth','Backup Camera']","[PREMIUM]",,13,13,0,,true,2,,,"c33928",33928,"m46","d2093","30341",453214,"DEALER","[PREMIUM]","[PREMIUM]","Atlanta","GA","30341","US","[PREMIUM]","[PREMIUM]","[PREMIUM]","[PREMIUM]","[PREMIUM]",true,"AVAILABLE",4,4,"[PREMIUM]"
"444551630","2026-04-06 05:31:32.696","2026-04-06 05:31:32.696","444551630","[PREMIUM]","[PREMIUM]","[PREMIUM]",-21,"[PREMIUM]","FAIR_PRICE",28314,"USED","16639748",2025,"Nissan","Versa","SV FWD","sedan","Gray",,"Automatic","Front-Wheel Drive","122 hp 1.6L I4","Gasoline",10.8,32,40,35.6,"4 doors","Vehicle image for demonstration purposes only. We make every effort to provide accurate information including but not limited to price, mileage, and vehicle options. This vehicle is part of The Hertz Corporations rental fleet and may currently be on rent and not immediately available for physical inspection or final sale. The vehicle mileage and price listed is an estimate and may change. Prior to any sale, the vehicle will go through pre-delivery inspection to ensure it meets our quality standards. Please verify all information with your local Hertz Car Sales location before visiting the location or purchasing. Estimated prices exclude all taxes, tag, title, registration fees, government fees, finance charge, dealer document processing charge, and any emission testing charge.","['Bluetooth','Backup Camera','Blind Spot Monitoring','Alloy Wheels']","[PREMIUM]",,0,0,0,2,true,4,,,"t113022",33750,"m12","d937","11787",462762,"DEALER","[PREMIUM]","[PREMIUM]",,,,,"[PREMIUM]","[PREMIUM]","[PREMIUM]","[PREMIUM]","[PREMIUM]",,"PAYING",,,"[PREMIUM]"
"444551600","2026-04-06 05:31:32.694","2026-04-06 05:31:32.694","444551600","[PREMIUM]","[PREMIUM]","[PREMIUM]",474,"[PREMIUM]","GOOD_PRICE",20244,"USED","16696209",2025,"Nissan","Sentra","SV FWD","sedan","Blue",,"Automatic","Front-Wheel Drive","149 hp 2L I4","Gasoline",12.4,30,40,34.5,"4 doors","Vehicle image for demonstration purposes only. We make every effort to provide accurate information including but not limited to price, mileage, and vehicle options. This vehicle is part of The Hertz Corporations rental fleet and may currently be on rent and not immediately available for physical inspection or final sale. The vehicle mileage and price listed is an estimate and may change. Prior to any sale, the vehicle will go through pre-delivery inspection to ensure it meets our quality standards. Please verify all information with your local Hertz Car Sales location before visiting the location or purchasing. Estimated prices exclude all taxes, tag, title, registration fees, government fees, finance charge, dealer document processing charge, and any emission testing charge.","['Bluetooth','Backup Camera','Blind Spot Monitoring','Adaptive Cruise Control','Alloy Wheels']","[PREMIUM]",,0,0,0,1,true,5,,,"t112150",33644,"m12","d249","30260",463765,"DEALER","[PREMIUM]","[PREMIUM]",,,,,"[PREMIUM]","[PREMIUM]","[PREMIUM]","[PREMIUM]","[PREMIUM]",,"PAYING",,,"[PREMIUM]"
"444551637","2026-04-06 05:31:32.693","2026-04-06 05:31:32.693","444551637","[PREMIUM]","[PREMIUM]","[PREMIUM]",73,"[PREMIUM]","FAIR_PRICE",14645,"USED","16702065",2025,"Jeep","Compass","Latitude 4WD","crossover","White",,"8-Speed Automatic","Four-Wheel Drive","200 hp 2L I4","Gasoline",13.5,24,32,27.6,"4 doors","Vehicle image for demonstration purposes only. We make every effort to provide accurate information including but not limited to price, mileage, and vehicle options. This vehicle is part of The Hertz Corporations rental fleet and may currently be on rent and not immediately available for physical inspection or final sale. The vehicle mileage and price listed is an estimate and may change. Prior to any sale, the vehicle will go through pre-delivery inspection to ensure it meets our quality standards. Please verify all information with your local Hertz Car Sales location before visiting the location or purchasing. Estimated prices exclude all taxes, tag, title, registration fees, government fees, finance charge, dealer document processing charge, and any emission testing charge.","['Bluetooth','Backup Camera','Remote Start','Blind Spot Monitoring','Heated Seats','Alloy Wheels']","[PREMIUM]",,0,0,0,1,true,6,,,"t111360",33516,"m32","d905","01905",462748,"DEALER","[PREMIUM]","[PREMIUM]",,,,,"[PREMIUM]","[PREMIUM]","[PREMIUM]","[PREMIUM]","[PREMIUM]",,"PAYING",,,"[PREMIUM]"
"444551636","2026-04-06 05:31:32.693","2026-04-06 05:31:32.693","444551636","[PREMIUM]","[PREMIUM]","[PREMIUM]",503,"[PREMIUM]","GOOD_PRICE",29315,"USED","16669634",2025,"Jeep","Compass","Limited 4WD","crossover","Silver",,"8-Speed Automatic","Four-Wheel Drive","200 hp 2L I4","Gasoline",13.5,24,32,27.6,"4 doors","Vehicle image for demonstration purposes only. We make every effort to provide accurate information including but not limited to price, mileage, and vehicle options. This vehicle is part of The Hertz Corporations rental fleet and may currently be on rent and not immediately available for physical inspection or final sale. The vehicle mileage and price listed is an estimate and may change. Prior to any sale, the vehicle will go through pre-delivery inspection to ensure it meets our quality standards. Please verify all information with your local Hertz Car Sales location before visiting the location or purchasing. Estimated prices exclude all taxes, tag, title, registration fees, government fees, finance charge, dealer document processing charge, and any emission testing charge.","['Bluetooth','Backup Camera','Blind Spot Monitoring','Adaptive Cruise Control','Heated Seats','Alloy Wheels']","[PREMIUM]",,0,0,0,1,true,6,,,"t111362",33516,"m32","d905","77094",462750,"DEALER","[PREMIUM]","[PREMIUM]",,,,,"[PREMIUM]","[PREMIUM]","[PREMIUM]","[PREMIUM]","[PREMIUM]",,"PAYING",,,"[PREMIUM]"
"444551686","2026-04-06 05:31:32.691","2026-04-06 05:31:32.691","444551686","[PREMIUM]","[PREMIUM]","[PREMIUM]",-54,"[PREMIUM]","FAIR_PRICE",32632,"USED","16535029",2025,"Kia","K4","LX FWD","sedan","Black",,"Automatic","Front-Wheel Drive","147 hp 2L I4","Gasoline",12.4,,,,"4 doors","Vehicle image for demonstration purposes only. We make every effort to provide accurate information including but not limited to price, mileage, and vehicle options. This vehicle is part of The Hertz Corporations rental fleet and may currently be on rent and not immediately available for physical inspection or final sale. The vehicle mileage and price listed is an estimate and may change. Prior to any sale, the vehicle will go through pre-delivery inspection to ensure it meets our quality standards. Please verify all information with your local Hertz Car Sales location before visiting the location or purchasing. Estimated prices exclude all taxes, tag, title, registration fees, government fees, finance charge, dealer document processing charge, and any emission testing charge.","['Bluetooth','Backup Camera','Blind Spot Monitoring','Adaptive Cruise Control','Alloy Wheels']","[PREMIUM]",,0,0,0,1,true,5,,,"t112184",33369,"m33","d3384","32822",462757,"DEALER","[PREMIUM]","[PREMIUM]",,,,,"[PREMIUM]","[PREMIUM]","[PREMIUM]","[PREMIUM]","[PREMIUM]",,"PAYING",5,1,"[PREMIUM]"
"444551700","2026-04-06 05:31:32.688","2026-04-06 05:31:32.688","444551700","[PREMIUM]","[PREMIUM]","[PREMIUM]",787,"[PREMIUM]","GREAT_PRICE",29336,"USED","16514662",2025,"Nissan","Altima","2.5 SV FWD","sedan","White",,"Automatic","Front-Wheel Drive","188 hp 2.5L I4","Gasoline",16.2,27,38,31.95,"4 doors","Vehicle image for demonstration purposes only. We make every effort to provide accurate information including but not limited to price, mileage, and vehicle options. This vehicle is part of The Hertz Corporations rental fleet and may currently be on rent and not immediately available for physical inspection or final sale. The vehicle mileage and price listed is an estimate and may change. Prior to any sale, the vehicle will go through pre-delivery inspection to ensure it meets our quality standards. Please verify all information with your local Hertz Car Sales location before visiting the location or purchasing. Estimated prices exclude all taxes, tag, title, registration fees, government fees, finance charge, dealer document processing charge, and any emission testing charge.","['Bluetooth','Backup Camera','Remote Start','Blind Spot Monitoring','Alloy Wheels']","[PREMIUM]",,0,0,1,1,true,5,,,"t112136",33642,"m12","d237","37217",462756,"DEALER","[PREMIUM]","[PREMIUM]",,,,,"[PREMIUM]","[PREMIUM]","[PREMIUM]","[PREMIUM]","[PREMIUM]",,"PAYING",,,"[PREMIUM]"
"444551706","2026-04-06 05:30:57.616","2026-04-06 05:30:57.616","444551706","[PREMIUM]","[PREMIUM]","[PREMIUM]",102,"[PREMIUM]","FAIR_PRICE",23428,"USED","16598612",2025,"Kia","K4","LXS FWD","sedan","Red",,"Automatic","Front-Wheel Drive","147 hp 2L I4","Gasoline",12.4,,,,"4 doors","Vehicle image for demonstration purposes only. We make every effort to provide accurate information including but not limited to price, mileage, and vehicle options. This vehicle is part of The Hertz Corporations rental fleet and may currently be on rent and not immediately available for physical inspection or final sale. The vehicle mileage and price listed is an estimate and may change. Prior to any sale, the vehicle will go through pre-delivery inspection to ensure it meets our quality standards. Please verify all information with your local Hertz Car Sales location before visiting the location or purchasing. Estimated prices exclude all taxes, tag, title, registration fees, government fees, finance charge, dealer document processing charge, and any emission testing charge.","['Bluetooth','Backup Camera','Blind Spot Monitoring','Adaptive Cruise Control','Alloy Wheels']","[PREMIUM]",,0,0,0,1,true,5,,,"t112181",33369,"m33","d3384","01905",462748,"DEALER","[PREMIUM]","[PREMIUM]",,,,,"[PREMIUM]","[PREMIUM]","[PREMIUM]","[PREMIUM]","[PREMIUM]",,"PAYING",,,"[PREMIUM]"
"444551692","2026-04-06 05:30:57.598","2026-04-17 18:54:37.983","444551692","[PREMIUM]","[PREMIUM]","[PREMIUM]",170,"[PREMIUM]","GOOD_PRICE",30133,"USED","16611694",2025,"Chevrolet","Trax","LT FWD","crossover","White",,"6-Speed Automatic","Front-Wheel Drive","137 hp 1.2L I3 Flex Fuel Vehicle","Flex Fuel Vehicle",13.2,28,32,29.8,"4 doors","Vehicle image for demonstration purposes only. We make every effort to provide accurate information including but not limited to price, mileage, and vehicle options. This vehicle is part of The Hertz Corporations rental fleet and may currently be on rent and not immediately available for physical inspection or final sale. The vehicle mileage and price listed is an estimate and may change. Prior to any sale, the vehicle will go through pre-delivery inspection to ensure it meets our quality standards. Please verify all information with your local Hertz Car Sales location before visiting the location or purchasing. Estimated prices exclude all taxes, tag, title, registration fees, government fees, finance charge, dealer document processing charge, and any emission testing charge.","['Bluetooth','Backup Camera','Remote Start','Navigation System','Alloy Wheels']","[PREMIUM]",16,11,12,0,1,true,5,,,"t110480",33371,"m1","d2272","32822",462757,"DEALER","[PREMIUM]","[PREMIUM]",,,,,"[PREMIUM]","[PREMIUM]","[PREMIUM]","[PREMIUM]","[PREMIUM]",,"PAYING",5,1,"[PREMIUM]"
"444542186","2026-04-06 05:30:57.480","2026-04-06 05:30:57.480","444542186","[PREMIUM]","[PREMIUM]","[PREMIUM]",-3174,"[PREMIUM]","FAIR_PRICE",1503,"USED","F572817Z",2025,"Ford","Transit Cargo",,"van","Oxford White","Dark Palazzo Gray",,,"275 hp 3.5L V6 Flex Fuel Vehicle","Flex Fuel Vehicle",,,,,,"Recent Arrival! Clean CARFAX.  The Right car, The Right price, The Right way.[!@@Additional Info@@!]Order Code 101A,4.10 Limited-Slip Axle Ratio,Wheels: 16"" Silver Steel w/Black Hubcap,Vinyl Front Bucket Seats,Dark Palazzo Gray Vinyl Bucket Seats,Midship Extended Range Fuel Tank (31 Gallons),Heavy-Duty Trailer Tow Package,Digital Rearview Mirror,Front Overhead Shelf,AM/FM Stereo,Radio: AM/FM Stereo w/SYNC 3,2 Additional Keys (4 Total),Front License Plate Bracket,Short-Arm Manual-Folding Power Adjust Mirrors,Frame Mounted Hitch Receiver,Tow/Haul Mode w/Trailering Wiring Provisions,4 Speakers,Internet access capable: FordPass Connect 4G,Auto High-beam Headlights,Exterior Parking Camera Rear,Driver's Seat Mounted Armrest,Front beverage holders,Variably intermittent wipers,Traction control,Tilt steering wheel,Telescoping steering wheel,Steering wheel mounted audio controls,Speed control,Remote keyless entry,Power windows,Power steering,Power door mirrors,Passenger door bin,Passenger cancellable airbag,Panic alarm,Overhead airbag,Occupant sensing airbag,Low tire pressure warning,Illuminated entry,Fully automatic headlights,Front wheel independent suspension,Front reading lights,Front anti-roll bar,Dual front side impact airbags,Dual front impact airbags,Driver door bin,Delay-off headlights,Brake assist,AM/FM radio,ABS brakes,Tachometer,Front Bucket Seats,Electronic Stability Control,Air Conditioning,4-Wheel Disc Brakes","['Steel Wheels','Bluetooth','Backup Camera','101A Mid Equipment Group','Tow Package']","[PREMIUM]",,1,1,0,1,true,5,,,"c33788",33788,"m2","d1067","45434",286079,"DEALER","[PREMIUM]","[PREMIUM]","Beavercreek","OH","45434","US","[PREMIUM]","[PREMIUM]","[PREMIUM]","[PREMIUM]","[PREMIUM]",true,"PAYING",3.7142859,7,"[PREMIUM]"
"444551704","2026-04-06 05:30:57.378","2026-04-06 05:30:57.378","444551704","[PREMIUM]","[PREMIUM]","[PREMIUM]",-494,"[PREMIUM]","FAIR_PRICE",36901,"USED","16515599",2025,"Nissan","Altima","2.5 SV FWD","sedan","White",,"Automatic","Front-Wheel Drive","188 hp 2.5L I4","Gasoline",16.2,27,38,31.95,"4 doors","Vehicle image for demonstration purposes only. We make every effort to provide accurate information including but not limited to price, mileage, and vehicle options. This vehicle is part of The Hertz Corporations rental fleet and may currently be on rent and not immediately available for physical inspection or final sale. The vehicle mileage and price listed is an estimate and may change. Prior to any sale, the vehicle will go through pre-delivery inspection to ensure it meets our quality standards. Please verify all information with your local Hertz Car Sales location before visiting the location or purchasing. Estimated prices exclude all taxes, tag, title, registration fees, government fees, finance charge, dealer document processing charge, and any emission testing charge.","['Bluetooth','Backup Camera','Remote Start','Blind Spot Monitoring','Alloy Wheels']","[PREMIUM]",,0,0,0,2,true,5,,,"t112136",33642,"m12","d237","01905",462748,"DEALER","[PREMIUM]","[PREMIUM]",,,,,"[PREMIUM]","[PREMIUM]","[PREMIUM]","[PREMIUM]","[PREMIUM]",,"PAYING",,,"[PREMIUM]"
"444551159","2026-04-06 05:30:57.377","2026-04-14 17:35:01.034","444551159","[PREMIUM]","[PREMIUM]","[PREMIUM]",,"[PREMIUM]","NA",2063,"USED","A35248",2025,"Ford","Transit Cargo","250 Low Roof RWD","van","White","Black","Automatic","Rear-Wheel Drive","275 hp 3.5L V6 Flex Fuel Vehicle","Flex Fuel Vehicle",25,,,,"3 doors","[!@@Additional Info@@!]ENGINE: 3.5L PFDI V6 FLEX-FUEL  -inc: port injection (STD),Rear Wheel Drive,Power Steering,ABS,4-Wheel Disc Brakes,Brake Assist,Steel Wheels,Tires - Front All-Season,Tires - Rear All-Season,Conventional Spare Tire,Tow Hooks,Power Mirror(s),Intermittent Wipers,Variable Speed Intermittent Wipers,Third Passenger Door,Power Door Locks,Automatic Headlights,Automatic Highbeams,AM/FM Stereo,MP3 Capability,MP3 Capability,Steering Wheel Audio Controls,Auxiliary Audio Input,Bluetooth Connection,Vinyl Seats,Bucket Seats,Adjustable Steering Wheel,WiFi Hotspot,Keyless Entry,Power Door Locks,Cruise Control,A/C,Vinyl Seats,Bucket Seats,Driver Monitoring,Brake Assist,Front Collision Mitigation,Power Windows,Power Door Locks,Immobilizer,Traction Control,Stability Control,Traction Control,Front Side Air Bag,Lane Departure Warning,Tire Pressure Monitor,Driver Air Bag,Passenger Air Bag,Passenger Air Bag On/Off Switch,Front Head Air Bag,Passenger Air Bag Sensor,Back-Up Camera","['Steel Wheels','Bluetooth','Backup Camera']","[PREMIUM]",26,9,9,1,1,true,3,,,"t113324",33788,"m2","d1067","19116",222286,"DEALER","[PREMIUM]","[PREMIUM]","Philadelphia","PA","19116","US","[PREMIUM]","[PREMIUM]","[PREMIUM]","[PREMIUM]","[PREMIUM]",,"PAYING",4.230769,13,"[PREMIUM]"
"444551701","2026-04-06 05:30:57.374","2026-04-06 05:30:57.374","444551701","[PREMIUM]","[PREMIUM]","[PREMIUM]",166,"[PREMIUM]","FAIR_PRICE",16862,"USED","16671243",2025,"Chevrolet","Trailblazer","LT FWD","crossover","Black",,"Automatic","Front-Wheel Drive",,,13.2,,,,"4 doors","Vehicle image for demonstration purposes only. We make every effort to provide accurate information including but not limited to price, mileage, and vehicle options. This vehicle is part of The Hertz Corporations rental fleet and may currently be on rent and not immediately available for physical inspection or final sale. The vehicle mileage and price listed is an estimate and may change. Prior to any sale, the vehicle will go through pre-delivery inspection to ensure it meets our quality standards. Please verify all information with your local Hertz Car Sales location before visiting the location or purchasing. Estimated prices exclude all taxes, tag, title, registration fees, government fees, finance charge, dealer document processing charge, and any emission testing charge.","['Bluetooth','Backup Camera','Remote Start','Navigation System','Alloy Wheels']","[PREMIUM]",,0,0,0,1,true,5,,,"t110941",33456,"m1","d642","37217",462756,"DEALER","[PREMIUM]","[PREMIUM]",,,,,"[PREMIUM]","[PREMIUM]","[PREMIUM]","[PREMIUM]","[PREMIUM]",,"PAYING",,,"[PREMIUM]"
"444544126","2026-04-06 05:30:57.366","2026-04-06 05:30:57.366","444544126","[PREMIUM]","[PREMIUM]","[PREMIUM]",-521,"[PREMIUM]","FAIR_PRICE",15216,"USED","9460",2025,"Land Rover","Range Rover","P530 SE LWB AWD","suv","Hakuba Silver Metallic","Caraway","8-Speed Automatic","All-Wheel Drive","523 hp 4.4L V8","Gasoline",23.8,16,22,18.7,"4 doors",,"['Leather Seats','Sunroof/Moonroof','Navigation System','Adaptive Cruise Control','Alloy Wheels','Bluetooth','Backup Camera','Blind Spot Monitoring','Heated Seats']","[PREMIUM]",,1,1,0,1,true,9,,true,"t110683",33408,"m35","d156","60435",452433,"DEALER","[PREMIUM]","[PREMIUM]","Joliet","IL","60435","US","[PREMIUM]","[PREMIUM]","[PREMIUM]","[PREMIUM]","[PREMIUM]",,"PAYING",3.5677967,118,"[PREMIUM]"
"444551593","2026-04-06 05:30:57.366","2026-04-06 05:30:57.366","444551593","[PREMIUM]","[PREMIUM]","[PREMIUM]",-428,"[PREMIUM]","FAIR_PRICE",34783,"USED","16517468",2025,"Nissan","Altima","2.5 SV FWD","sedan","Gray",,"Automatic","Front-Wheel Drive","188 hp 2.5L I4","Gasoline",16.2,27,38,31.95,"4 doors","Vehicle image for demonstration purposes only. We make every effort to provide accurate information including but not limited to price, mileage, and vehicle options. This vehicle is part of The Hertz Corporations rental fleet and may currently be on rent and not immediately available for physical inspection or final sale. The vehicle mileage and price listed is an estimate and may change. Prior to any sale, the vehicle will go through pre-delivery inspection to ensure it meets our quality standards. Please verify all information with your local Hertz Car Sales location before visiting the location or purchasing. Estimated prices exclude all taxes, tag, title, registration fees, government fees, finance charge, dealer document processing charge, and any emission testing charge.","['Bluetooth','Backup Camera','Remote Start','Blind Spot Monitoring','Alloy Wheels']","[PREMIUM]",,0,0,0,1,true,5,,,"t112136",33642,"m12","d237","90301",462767,"DEALER","[PREMIUM]","[PREMIUM]",,,,,"[PREMIUM]","[PREMIUM]","[PREMIUM]","[PREMIUM]","[PREMIUM]",,"PAYING",3,1,"[PREMIUM]"
"444551578","2026-04-06 05:30:57.365","2026-04-06 05:30:57.365","444551578","[PREMIUM]","[PREMIUM]","[PREMIUM]",-257,"[PREMIUM]","FAIR_PRICE",25633,"USED","16545539",2025,"Nissan","Rogue","SV AWD","crossover","Black",,"Automatic","All-Wheel Drive","201 hp 1.5L I3","Gasoline",14.5,28,35,31.15,"4 doors","Vehicle image for demonstration purposes only. We make every effort to provide accurate information including but not limited to price, mileage, and vehicle options. This vehicle is part of The Hertz Corporations rental fleet and may currently be on rent and not immediately available for physical inspection or final sale. The vehicle mileage and price listed is an estimate and may change. Prior to any sale, the vehicle will go through pre-delivery inspection to ensure it meets our quality standards. Please verify all information with your local Hertz Car Sales location before visiting the location or purchasing. Estimated prices exclude all taxes, tag, title, registration fees, government fees, finance charge, dealer document processing charge, and any emission testing charge.","['Adaptive Cruise Control','Alloy Wheels','Bluetooth','Backup Camera','Remote Start','Blind Spot Monitoring']","[PREMIUM]",,0,0,0,1,true,6,,,"t112142",33643,"m12","d1047","78752",462753,"DEALER","[PREMIUM]","[PREMIUM]",,,,,"[PREMIUM]","[PREMIUM]","[PREMIUM]","[PREMIUM]","[PREMIUM]",,"PAYING",,,"[PREMIUM]"
"444551642","2026-04-06 05:30:57.365","2026-04-06 05:30:57.365","444551642","[PREMIUM]","[PREMIUM]","[PREMIUM]",-271,"[PREMIUM]","FAIR_PRICE",17692,"USED","16707636",2025,"Nissan","Sentra","SV FWD","sedan","Gray",,"Automatic","Front-Wheel Drive","149 hp 2L I4","Gasoline",12.4,30,40,34.5,"4 doors","Vehicle image for demonstration purposes only. We make every effort to provide accurate information including but not limited to price, mileage, and vehicle options. This vehicle is part of The Hertz Corporations rental fleet and may currently be on rent and not immediately available for physical inspection or final sale. The vehicle mileage and price listed is an estimate and may change. Prior to any sale, the vehicle will go through pre-delivery inspection to ensure it meets our quality standards. Please verify all information with your local Hertz Car Sales location before visiting the location or purchasing. Estimated prices exclude all taxes, tag, title, registration fees, government fees, finance charge, dealer document processing charge, and any emission testing charge.","['Bluetooth','Backup Camera','Blind Spot Monitoring','Adaptive Cruise Control','Alloy Wheels']","[PREMIUM]",,0,0,0,1,true,5,,,"t112150",33644,"m12","d249","77094",462750,"DEALER","[PREMIUM]","[PREMIUM]",,,,,"[PREMIUM]","[PREMIUM]","[PREMIUM]","[PREMIUM]","[PREMIUM]",,"PAYING",,,"[PREMIUM]"
"444551589","2026-04-06 05:30:47.093","2026-04-06 05:30:47.093","444551589","[PREMIUM]","[PREMIUM]","[PREMIUM]",195,"[PREMIUM]","FAIR_PRICE",11703,"USED","16706017",2025,"Chevrolet","Blazer","LT AWD","crossover","Gray",,"9-Speed Automatic",,,,,,,,,"Vehicle image for demonstration purposes only. We make every effort to provide accurate information including but not limited to price, mileage, and vehicle options. This vehicle is part of The Hertz Corporations rental fleet and may currently be on rent and not immediately available for physical inspection or final sale. The vehicle mileage and price listed is an estimate and may change. Prior to any sale, the vehicle will go through pre-delivery inspection to ensure it meets our quality standards. Please verify all information with your local Hertz Car Sales location before visiting the location or purchasing. Estimated prices exclude all taxes, tag, title, registration fees, government fees, finance charge, dealer document processing charge, and any emission testing charge.","['Bluetooth','Backup Camera','Remote Start','Navigation System','Heated Seats','Alloy Wheels']","[PREMIUM]",,0,0,0,1,true,6,,,"t112280",33479,"m1","d602","95678",463713,"DEALER","[PREMIUM]","[PREMIUM]",,,,,"[PREMIUM]","[PREMIUM]","[PREMIUM]","[PREMIUM]","[PREMIUM]",,"PAYING",,,"[PREMIUM]"
"444551639","2026-04-06 05:30:47.086","2026-04-06 05:30:47.086","444551639","[PREMIUM]","[PREMIUM]","[PREMIUM]",-684,"[PREMIUM]","FAIR_PRICE",9769,"USED","16710432",2025,"Nissan","Rogue","SV AWD","crossover","Black",,"Automatic","All-Wheel Drive","201 hp 1.5L I3","Gasoline",14.5,28,35,31.15,"4 doors","Vehicle image for demonstration purposes only. We make every effort to provide accurate information including but not limited to price, mileage, and vehicle options. This vehicle is part of The Hertz Corporations rental fleet and may currently be on rent and not immediately available for physical inspection or final sale. The vehicle mileage and price listed is an estimate and may change. Prior to any sale, the vehicle will go through pre-delivery inspection to ensure it meets our quality standards. Please verify all information with your local Hertz Car Sales location before visiting the location or purchasing. Estimated prices exclude all taxes, tag, title, registration fees, government fees, finance charge, dealer document processing charge, and any emission testing charge.","['Bluetooth','Backup Camera','Remote Start','Blind Spot Monitoring','Adaptive Cruise Control','Alloy Wheels']","[PREMIUM]",,0,0,0,1,true,6,,,"t112142",33643,"m12","d1047","01905",462748,"DEALER","[PREMIUM]","[PREMIUM]",,,,,"[PREMIUM]","[PREMIUM]","[PREMIUM]","[PREMIUM]","[PREMIUM]",,"PAYING",,,"[PREMIUM]"
"444551591","2026-04-06 05:30:47.080","2026-04-06 05:30:47.080","444551591","[PREMIUM]","[PREMIUM]","[PREMIUM]",46,"[PREMIUM]","FAIR_PRICE",35787,"USED","16618003",2025,"Nissan","Pathfinder","SV FWD","suv","Silver",,"9-Speed Automatic","Front-Wheel Drive","284 hp 3.5L V6","Gasoline",18.5,20,27,23.15,"4 doors","Vehicle image for demonstration purposes only. We make every effort to provide accurate information including but not limited to price, mileage, and vehicle options. This vehicle is part of The Hertz Corporations rental fleet and may currently be on rent and not immediately available for physical inspection or final sale. The vehicle mileage and price listed is an estimate and may change. Prior to any sale, the vehicle will go through pre-delivery inspection to ensure it meets our quality standards. Please verify all information with your local Hertz Car Sales location before visiting the location or purchasing. Estimated prices exclude all taxes, tag, title, registration fees, government fees, finance charge, dealer document processing charge, and any emission testing charge.","['Adaptive Cruise Control','Alloy Wheels','Bluetooth','Backup Camera','Remote Start','Blind Spot Monitoring','Heated Seats']","[PREMIUM]",,0,0,0,1,true,7,,,"t113018",33749,"m12","d245","33765",462765,"DEALER","[PREMIUM]","[PREMIUM]",,,,,"[PREMIUM]","[PREMIUM]","[PREMIUM]","[PREMIUM]","[PREMIUM]",,"PAYING",,,"[PREMIUM]"
"444551628","2026-04-06 05:30:46.826","2026-04-06 05:30:46.826","444551628","[PREMIUM]","[PREMIUM]","[PREMIUM]",132,"[PREMIUM]","FAIR_PRICE",31424,"USED","16649800",2025,"Kia","Sportage","LX FWD","crossover","White",,"8-Speed Automatic","Front-Wheel Drive","187 hp 2.5L I4","Gasoline",14.3,25,32,28.15,"4 doors","Vehicle image for demonstration purposes only. We make every effort to provide accurate information including but not limited to price, mileage, and vehicle options. This vehicle is part of The Hertz Corporations rental fleet and may currently be on rent and not immediately available for physical inspection or final sale. The vehicle mileage and price listed is an estimate and may change. Prior to any sale, the vehicle will go through pre-delivery inspection to ensure it meets our quality standards. Please verify all information with your local Hertz Car Sales location before visiting the location or purchasing. Estimated prices exclude all taxes, tag, title, registration fees, government fees, finance charge, dealer document processing charge, and any emission testing charge.","['Bluetooth','Backup Camera','Alloy Wheels']","[PREMIUM]",,0,0,0,1,true,3,,,"t111567",33547,"m33","d164","11787",462762,"DEALER","[PREMIUM]","[PREMIUM]",,,,,"[PREMIUM]","[PREMIUM]","[PREMIUM]","[PREMIUM]","[PREMIUM]",,"PAYING",,,"[PREMIUM]"
"444551619","2026-04-06 05:30:46.816","2026-04-06 05:30:46.816","444551619","[PREMIUM]","[PREMIUM]","[PREMIUM]",-158,"[PREMIUM]","FAIR_PRICE",25175,"USED","16691846",2025,"Jeep","Compass","Latitude 4WD","crossover","Black",,"8-Speed Automatic","Four-Wheel Drive","200 hp 2L I4","Gasoline",13.5,24,32,27.6,"4 doors","Vehicle image for demonstration purposes only. We make every effort to provide accurate information including but not limited to price, mileage, and vehicle options. This vehicle is part of The Hertz Corporations rental fleet and may currently be on rent and not immediately available for physical inspection or final sale. The vehicle mileage and price listed is an estimate and may change. Prior to any sale, the vehicle will go through pre-delivery inspection to ensure it meets our quality standards. Please verify all information with your local Hertz Car Sales location before visiting the location or purchasing. Estimated prices exclude all taxes, tag, title, registration fees, government fees, finance charge, dealer document processing charge, and any emission testing charge.","['Bluetooth','Backup Camera','Remote Start','Blind Spot Monitoring','Heated Seats','Alloy Wheels']","[PREMIUM]",,0,0,0,1,true,6,,,"t111360",33516,"m32","d905","15108",463708,"DEALER","[PREMIUM]","[PREMIUM]","Coraopolis","PA","15108","US","[PREMIUM]","[PREMIUM]","[PREMIUM]","[PREMIUM]","[PREMIUM]",,"PAYING",5,2,"[PREMIUM]"
"444551618","2026-04-06 05:30:46.708","2026-04-06 05:30:46.708","444551618","[PREMIUM]","[PREMIUM]","[PREMIUM]",-69,"[PREMIUM]","FAIR_PRICE",30803,"USED","16655993",2025,"Kia","Soul","LX FWD","crossover","Black","Black","Automatic","Front-Wheel Drive","147 hp 2L I4","Gasoline",14.3,27,33,29.7,"4 doors","Vehicle image for demonstration purposes only. We make every effort to provide accurate information including but not limited to price, mileage, and vehicle options. This vehicle is part of The Hertz Corporations rental fleet and may currently be on rent and not immediately available for physical inspection or final sale. The vehicle mileage and price listed is an estimate and may change. Prior to any sale, the vehicle will go through pre-delivery inspection to ensure it meets our quality standards. Please verify all information with your local Hertz Car Sales location before visiting the location or purchasing. Estimated prices exclude all taxes, tag, title, registration fees, government fees, finance charge, dealer document processing charge, and any emission testing charge.","['Steel Wheels','Bluetooth','Backup Camera']","[PREMIUM]",,0,0,0,1,true,3,,,"t111206",33484,"m33","d2020","15108",463708,"DEALER","[PREMIUM]","[PREMIUM]","Coraopolis","PA","15108","US","[PREMIUM]","[PREMIUM]","[PREMIUM]","[PREMIUM]","[PREMIUM]",,"PAYING",5,2,"[PREMIUM]"
"444551609","2026-04-06 05:30:46.700","2026-04-06 05:30:46.700","444551609","[PREMIUM]","[PREMIUM]","[PREMIUM]",41,"[PREMIUM]","FAIR_PRICE",17478,"USED","16679710",2025,"Nissan","Altima","2.5 SV FWD","sedan","Gray",,"Automatic","Front-Wheel Drive","188 hp 2.5L I4","Gasoline",16.2,27,38,31.95,"4 doors","Vehicle image for demonstration purposes only. We make every effort to provide accurate information including but not limited to price, mileage, and vehicle options. This vehicle is part of The Hertz Corporations rental fleet and may currently be on rent and not immediately available for physical inspection or final sale. The vehicle mileage and price listed is an estimate and may change. Prior to any sale, the vehicle will go through pre-delivery inspection to ensure it meets our quality standards. Please verify all information with your local Hertz Car Sales location before visiting the location or purchasing. Estimated prices exclude all taxes, tag, title, registration fees, government fees, finance charge, dealer document processing charge, and any emission testing charge.","['Alloy Wheels','Bluetooth','Backup Camera','Remote Start','Blind Spot Monitoring']","[PREMIUM]",,0,0,0,1,true,5,,,"t112136",33642,"m12","d237","33928",462761,"DEALER","[PREMIUM]","[PREMIUM]",,,,,"[PREMIUM]","[PREMIUM]","[PREMIUM]","[PREMIUM]","[PREMIUM]",,"PAYING",,,"[PREMIUM]"
"444551612","2026-04-06 05:30:46.532","2026-04-06 05:30:46.532","444551612","[PREMIUM]","[PREMIUM]","[PREMIUM]",-47,"[PREMIUM]","FAIR_PRICE",20120,"USED","16623450",2025,"Kia","Soul","LX FWD","crossover","Black","Black","Automatic","Front-Wheel Drive","147 hp 2L I4","Gasoline",14.3,27,33,29.7,"4 doors","Vehicle image for demonstration purposes only. We make every effort to provide accurate information including but not limited to price, mileage, and vehicle options. This vehicle is part of The Hertz Corporations rental fleet and may currently be on rent and not immediately available for physical inspection or final sale. The vehicle mileage and price listed is an estimate and may change. Prior to any sale, the vehicle will go through pre-delivery inspection to ensure it meets our quality standards. Please verify all information with your local Hertz Car Sales location before visiting the location or purchasing. Estimated prices exclude all taxes, tag, title, registration fees, government fees, finance charge, dealer document processing charge, and any emission testing charge.","['Steel Wheels','Bluetooth','Backup Camera']","[PREMIUM]",,0,0,0,1,true,3,,,"t111206",33484,"m33","d2020","97080",463709,"DEALER","[PREMIUM]","[PREMIUM]",,,,,"[PREMIUM]","[PREMIUM]","[PREMIUM]","[PREMIUM]","[PREMIUM]",,"PAYING",,,"[PREMIUM]"
"444551677","2026-04-06 05:30:46.530","2026-04-06 05:30:46.530","444551677","[PREMIUM]","[PREMIUM]","[PREMIUM]",-29,"[PREMIUM]","FAIR_PRICE",19928,"USED","16579944",2025,"Kia","Soul","LX FWD","crossover","White","Black","Automatic","Front-Wheel Drive","147 hp 2L I4","Gasoline",14.3,27,33,29.7,"4 doors","Vehicle image for demonstration purposes only. We make every effort to provide accurate information including but not limited to price, mileage, and vehicle options. This vehicle is part of The Hertz Corporations rental fleet and may currently be on rent and not immediately available for physical inspection or final sale. The vehicle mileage and price listed is an estimate and may change. Prior to any sale, the vehicle will go through pre-delivery inspection to ensure it meets our quality standards. Please verify all information with your local Hertz Car Sales location before visiting the location or purchasing. Estimated prices exclude all taxes, tag, title, registration fees, government fees, finance charge, dealer document processing charge, and any emission testing charge.","['Steel Wheels','Bluetooth','Backup Camera']","[PREMIUM]",,0,0,0,1,true,3,,,"t111206",33484,"m33","d2020","19153",463697,"DEALER","[PREMIUM]","[PREMIUM]",,,,,"[PREMIUM]","[PREMIUM]","[PREMIUM]","[PREMIUM]","[PREMIUM]",,"PAYING",,,"[PREMIUM]"
"444551598","2026-04-06 05:30:46.327","2026-04-06 05:30:46.327","444551598","[PREMIUM]","[PREMIUM]","[PREMIUM]",-75,"[PREMIUM]","FAIR_PRICE",41816,"USED","16529233",2025,"Jeep","Compass","Limited 4WD","crossover","Silver",,"8-Speed Automatic","Four-Wheel Drive","200 hp 2L I4","Gasoline",13.5,24,32,27.6,"4 doors","Vehicle image for demonstration purposes only. We make every effort to provide accurate information including but not limited to price, mileage, and vehicle options. This vehicle is part of The Hertz Corporations rental fleet and may currently be on rent and not immediately available for physical inspection or final sale. The vehicle mileage and price listed is an estimate and may change. Prior to any sale, the vehicle will go through pre-delivery inspection to ensure it meets our quality standards. Please verify all information with your local Hertz Car Sales location before visiting the location or purchasing. Estimated prices exclude all taxes, tag, title, registration fees, government fees, finance charge, dealer document processing charge, and any emission testing charge.","['Bluetooth','Backup Camera','Blind Spot Monitoring','Adaptive Cruise Control','Heated Seats','Alloy Wheels']","[PREMIUM]",,0,0,0,1,true,6,,,"t111362",33516,"m32","d905","33612",462747,"DEALER","[PREMIUM]","[PREMIUM]",,,,,"[PREMIUM]","[PREMIUM]","[PREMIUM]","[PREMIUM]","[PREMIUM]",,"PAYING",,,"[PREMIUM]"
"444551683","2026-04-06 05:30:46.181","2026-04-06 05:30:46.181","444551683","[PREMIUM]","[PREMIUM]","[PREMIUM]",-72,"[PREMIUM]","FAIR_PRICE",30339,"USED","16635135",2025,"Chevrolet","Trax","LT FWD","crossover","Gray",,"6-Speed Automatic","Front-Wheel Drive","137 hp 1.2L I3 Flex Fuel Vehicle","Flex Fuel Vehicle",13.2,28,32,29.8,"4 doors","Vehicle image for demonstration purposes only. We make every effort to provide accurate information including but not limited to price, mileage, and vehicle options. This vehicle is part of The Hertz Corporations rental fleet and may currently be on rent and not immediately available for physical inspection or final sale. The vehicle mileage and price listed is an estimate and may change. Prior to any sale, the vehicle will go through pre-delivery inspection to ensure it meets our quality standards. Please verify all information with your local Hertz Car Sales location before visiting the location or purchasing. Estimated prices exclude all taxes, tag, title, registration fees, government fees, finance charge, dealer document processing charge, and any emission testing charge.","['Bluetooth','Backup Camera','Remote Start','Navigation System','Alloy Wheels']","[PREMIUM]",,0,0,0,1,true,5,,,"t110480",33371,"m1","d2272","90301",462767,"DEALER","[PREMIUM]","[PREMIUM]",,,,,"[PREMIUM]","[PREMIUM]","[PREMIUM]","[PREMIUM]","[PREMIUM]",,"PAYING",3,1,"[PREMIUM]"
"444551697","2026-04-06 05:30:46.089","2026-04-06 05:30:46.089","444551697","[PREMIUM]","[PREMIUM]","[PREMIUM]",-185,"[PREMIUM]","FAIR_PRICE",9999,"USED","16703086",2025,"Jeep","Compass","Limited 4WD","crossover","Red",,"8-Speed Automatic","Four-Wheel Drive","200 hp 2L I4","Gasoline",13.5,24,32,27.6,"4 doors","Vehicle image for demonstration purposes only. We make every effort to provide accurate information including but not limited to price, mileage, and vehicle options. This vehicle is part of The Hertz Corporations rental fleet and may currently be on rent and not immediately available for physical inspection or final sale. The vehicle mileage and price listed is an estimate and may change. Prior to any sale, the vehicle will go through pre-delivery inspection to ensure it meets our quality standards. Please verify all information with your local Hertz Car Sales location before visiting the location or purchasing. Estimated prices exclude all taxes, tag, title, registration fees, government fees, finance charge, dealer document processing charge, and any emission testing charge.","['Bluetooth','Backup Camera','Blind Spot Monitoring','Adaptive Cruise Control','Heated Seats','Alloy Wheels']","[PREMIUM]",,0,0,0,1,true,6,,,"t111362",33516,"m32","d905","27603",463710,"DEALER","[PREMIUM]","[PREMIUM]",,,,,"[PREMIUM]","[PREMIUM]","[PREMIUM]","[PREMIUM]","[PREMIUM]",,"PAYING",,,"[PREMIUM]"
"444551627","2026-04-06 05:30:46.053","2026-04-06 05:30:46.053","444551627","[PREMIUM]","[PREMIUM]","[PREMIUM]",-232,"[PREMIUM]","FAIR_PRICE",18122,"USED","16583938",2025,"Chevrolet","Equinox","LT FWD","crossover","White",,"Automatic","Front-Wheel Drive","175 hp 1.5L I4","Gasoline",14.8,26,28,26.9,"4 doors","Vehicle image for demonstration purposes only. We make every effort to provide accurate information including but not limited to price, mileage, and vehicle options. This vehicle is part of The Hertz Corporations rental fleet and may currently be on rent and not immediately available for physical inspection or final sale. The vehicle mileage and price listed is an estimate and may change. Prior to any sale, the vehicle will go through pre-delivery inspection to ensure it meets our quality standards. Please verify all information with your local Hertz Car Sales location before visiting the location or purchasing. Estimated prices exclude all taxes, tag, title, registration fees, government fees, finance charge, dealer document processing charge, and any emission testing charge.","['Navigation System','Adaptive Cruise Control','Alloy Wheels','Bluetooth','Backup Camera','Remote Start','Blind Spot Monitoring','Heated Seats']","[PREMIUM]",,0,0,0,1,true,8,,,"t111108",33465,"m1","d616","11787",462762,"DEALER","[PREMIUM]","[PREMIUM]",,,,,"[PREMIUM]","[PREMIUM]","[PREMIUM]","[PREMIUM]","[PREMIUM]",,"PAYING",,,"[PREMIUM]"
"444551576","2026-04-06 05:30:45.989","2026-04-06 05:30:45.989","444551576","[PREMIUM]","[PREMIUM]","[PREMIUM]",-261,"[PREMIUM]","FAIR_PRICE",15143,"USED","16704113",2025,"Jeep","Compass","Trailhawk 4WD","crossover","White",,"8-Speed Automatic","Four-Wheel Drive","200 hp 2L I4","Gasoline",13.5,24,32,27.6,"4 doors","Vehicle image for demonstration purposes only. We make every effort to provide accurate information including but not limited to price, mileage, and vehicle options. This vehicle is part of The Hertz Corporations rental fleet and may currently be on rent and not immediately available for physical inspection or final sale. The vehicle mileage and price listed is an estimate and may change. Prior to any sale, the vehicle will go through pre-delivery inspection to ensure it meets our quality standards. Please verify all information with your local Hertz Car Sales location before visiting the location or purchasing. Estimated prices exclude all taxes, tag, title, registration fees, government fees, finance charge, dealer document processing charge, and any emission testing charge.","['Leather Seats','Adaptive Cruise Control','Alloy Wheels','Bluetooth','Backup Camera','Blind Spot Monitoring']","[PREMIUM]",,0,0,0,1,true,6,,,"t111358",33516,"m32","d905","78752",462753,"DEALER","[PREMIUM]","[PREMIUM]",,,,,"[PREMIUM]","[PREMIUM]","[PREMIUM]","[PREMIUM]","[PREMIUM]",,"PAYING",,,"[PREMIUM]"
"444551585","2026-04-06 05:30:45.979","2026-04-06 05:30:45.979","444551585","[PREMIUM]","[PREMIUM]","[PREMIUM]",-148,"[PREMIUM]","FAIR_PRICE",33008,"USED","16507222",2025,"Nissan","Altima","2.5 SV FWD","sedan","Black",,"Automatic","Front-Wheel Drive","188 hp 2.5L I4","Gasoline",16.2,27,38,31.95,"4 doors","Vehicle image for demonstration purposes only. We make every effort to provide accurate information including but not limited to price, mileage, and vehicle options. This vehicle is part of The Hertz Corporations rental fleet and may currently be on rent and not immediately available for physical inspection or final sale. The vehicle mileage and price listed is an estimate and may change. Prior to any sale, the vehicle will go through pre-delivery inspection to ensure it meets our quality standards. Please verify all information with your local Hertz Car Sales location before visiting the location or purchasing. Estimated prices exclude all taxes, tag, title, registration fees, government fees, finance charge, dealer document processing charge, and any emission testing charge.","['Bluetooth','Backup Camera','Remote Start','Blind Spot Monitoring','Alloy Wheels']","[PREMIUM]",,0,0,0,1,true,5,,,"t112136",33642,"m12","d237","60018",462759,"DEALER","[PREMIUM]","[PREMIUM]",,,,,"[PREMIUM]","[PREMIUM]","[PREMIUM]","[PREMIUM]","[PREMIUM]",,"PAYING",,,"[PREMIUM]"
"444551597","2026-04-06 05:30:45.979","2026-04-06 05:30:45.979","444551597","[PREMIUM]","[PREMIUM]","[PREMIUM]",-94,"[PREMIUM]","FAIR_PRICE",41088,"USED","16526706",2025,"Jeep","Compass","Limited 4WD","crossover","White",,"8-Speed Automatic","Four-Wheel Drive","200 hp 2L I4","Gasoline",13.5,24,32,27.6,"4 doors","Vehicle image for demonstration purposes only. We make every effort to provide accurate information including but not limited to price, mileage, and vehicle options. This vehicle is part of The Hertz Corporations rental fleet and may currently be on rent and not immediately available for physical inspection or final sale. The vehicle mileage and price listed is an estimate and may change. Prior to any sale, the vehicle will go through pre-delivery inspection to ensure it meets our quality standards. Please verify all information with your local Hertz Car Sales location before visiting the location or purchasing. Estimated prices exclude all taxes, tag, title, registration fees, government fees, finance charge, dealer document processing charge, and any emission testing charge.","['Bluetooth','Backup Camera','Blind Spot Monitoring','Adaptive Cruise Control','Heated Seats','Alloy Wheels']","[PREMIUM]",,0,0,0,1,true,6,,,"t111362",33516,"m32","d905","33612",462747,"DEALER","[PREMIUM]","[PREMIUM]",,,,,"[PREMIUM]","[PREMIUM]","[PREMIUM]","[PREMIUM]","[PREMIUM]",,"PAYING",,,"[PREMIUM]"
"444551583","2026-04-06 05:30:45.977","2026-04-06 05:30:45.977","444551583","[PREMIUM]","[PREMIUM]","[PREMIUM]",-98,"[PREMIUM]","FAIR_PRICE",35526,"USED","16522110",2025,"Nissan","Altima","2.5 SV FWD","sedan","White",,"Automatic","Front-Wheel Drive","188 hp 2.5L I4","Gasoline",16.2,27,38,31.95,"4 doors","Vehicle image for demonstration purposes only. We make every effort to provide accurate information including but not limited to price, mileage, and vehicle options. This vehicle is part of The Hertz Corporations rental fleet and may currently be on rent and not immediately available for physical inspection or final sale. The vehicle mileage and price listed is an estimate and may change. Prior to any sale, the vehicle will go through pre-delivery inspection to ensure it meets our quality standards. Please verify all information with your local Hertz Car Sales location before visiting the location or purchasing. Estimated prices exclude all taxes, tag, title, registration fees, government fees, finance charge, dealer document processing charge, and any emission testing charge.","['Bluetooth','Backup Camera','Remote Start','Blind Spot Monitoring','Alloy Wheels']","[PREMIUM]",,0,0,0,1,true,5,,,"t112136",33642,"m12","d237","60018",462759,"DEALER","[PREMIUM]","[PREMIUM]",,,,,"[PREMIUM]","[PREMIUM]","[PREMIUM]","[PREMIUM]","[PREMIUM]",,"PAYING",,,"[PREMIUM]"
"444551613","2026-04-06 05:30:45.976","2026-04-06 05:30:45.976","444551613","[PREMIUM]","[PREMIUM]","[PREMIUM]",-390,"[PREMIUM]","FAIR_PRICE",29110,"USED","16575572",2025,"Kia","K4","LXS FWD","sedan","Gray",,"Automatic","Front-Wheel Drive","147 hp 2L I4","Gasoline",12.4,,,,"4 doors","Vehicle image for demonstration purposes only. We make every effort to provide accurate information including but not limited to price, mileage, and vehicle options. This vehicle is part of The Hertz Corporations rental fleet and may currently be on rent and not immediately available for physical inspection or final sale. The vehicle mileage and price listed is an estimate and may change. Prior to any sale, the vehicle will go through pre-delivery inspection to ensure it meets our quality standards. Please verify all information with your local Hertz Car Sales location before visiting the location or purchasing. Estimated prices exclude all taxes, tag, title, registration fees, government fees, finance charge, dealer document processing charge, and any emission testing charge.","['Adaptive Cruise Control','Alloy Wheels','Bluetooth','Backup Camera','Blind Spot Monitoring']","[PREMIUM]",,0,0,0,1,true,5,,,"t112181",33369,"m33","d3384","97080",463709,"DEALER","[PREMIUM]","[PREMIUM]",,,,,"[PREMIUM]","[PREMIUM]","[PREMIUM]","[PREMIUM]","[PREMIUM]",,"PAYING",,,"[PREMIUM]"
"444551606","2026-04-06 05:30:45.970","2026-04-06 05:30:45.970","444551606","[PREMIUM]","[PREMIUM]","[PREMIUM]",-252,"[PREMIUM]","FAIR_PRICE",21624,"USED","16640960",2025,"Nissan","Versa","SV FWD","sedan","Black",,"Automatic","Front-Wheel Drive","122 hp 1.6L I4","Gasoline",10.8,32,40,35.6,"4 doors","Vehicle image for demonstration purposes only. We make every effort to provide accurate information including but not limited to price, mileage, and vehicle options. This vehicle is part of The Hertz Corporations rental fleet and may currently be on rent and not immediately available for physical inspection or final sale. The vehicle mileage and price listed is an estimate and may change. Prior to any sale, the vehicle will go through pre-delivery inspection to ensure it meets our quality standards. Please verify all information with your local Hertz Car Sales location before visiting the location or purchasing. Estimated prices exclude all taxes, tag, title, registration fees, government fees, finance charge, dealer document processing charge, and any emission testing charge.","['Bluetooth','Backup Camera','Blind Spot Monitoring','Alloy Wheels']","[PREMIUM]",,0,0,0,1,true,4,,,"t113022",33750,"m12","d937","22150",463330,"DEALER","[PREMIUM]","[PREMIUM]",,,,,"[PREMIUM]","[PREMIUM]","[PREMIUM]","[PREMIUM]","[PREMIUM]",,"PAYING",,,"[PREMIUM]"
"444551603","2026-04-06 05:30:45.964","2026-04-06 05:30:45.964","444551603","[PREMIUM]","[PREMIUM]","[PREMIUM]",-81,"[PREMIUM]","FAIR_PRICE",29028,"USED","16636061",2025,"Nissan","Altima","2.5 SV FWD","sedan","Gray",,"Automatic","Front-Wheel Drive","188 hp 2.5L I4","Gasoline",16.2,27,38,31.95,"4 doors","Vehicle image for demonstration purposes only. We make every effort to provide accurate information including but not limited to price, mileage, and vehicle options. This vehicle is part of The Hertz Corporations rental fleet and may currently be on rent and not immediately available for physical inspection or final sale. The vehicle mileage and price listed is an estimate and may change. Prior to any sale, the vehicle will go through pre-delivery inspection to ensure it meets our quality standards. Please verify all information with your local Hertz Car Sales location before visiting the location or purchasing. Estimated prices exclude all taxes, tag, title, registration fees, government fees, finance charge, dealer document processing charge, and any emission testing charge.","['Bluetooth','Backup Camera','Remote Start','Blind Spot Monitoring','Alloy Wheels']","[PREMIUM]",,0,0,0,1,true,5,,,"t112136",33642,"m12","d237","73122",463714,"DEALER","[PREMIUM]","[PREMIUM]",,,,,"[PREMIUM]","[PREMIUM]","[PREMIUM]","[PREMIUM]","[PREMIUM]",,"PAYING",,,"[PREMIUM]"
"444551577","2026-04-06 05:30:45.964","2026-04-06 05:30:45.964","444551577","[PREMIUM]","[PREMIUM]","[PREMIUM]",-142,"[PREMIUM]","FAIR_PRICE",27283,"USED","16563879",2025,"Nissan","Sentra","SV FWD","sedan","Blue",,"Automatic","Front-Wheel Drive","149 hp 2L I4","Gasoline",12.4,30,40,34.5,"4 doors","Vehicle image for demonstration purposes only. We make every effort to provide accurate information including but not limited to price, mileage, and vehicle options. This vehicle is part of The Hertz Corporations rental fleet and may currently be on rent and not immediately available for physical inspection or final sale. The vehicle mileage and price listed is an estimate and may change. Prior to any sale, the vehicle will go through pre-delivery inspection to ensure it meets our quality standards. Please verify all information with your local Hertz Car Sales location before visiting the location or purchasing. Estimated prices exclude all taxes, tag, title, registration fees, government fees, finance charge, dealer document processing charge, and any emission testing charge.","['Adaptive Cruise Control','Alloy Wheels','Bluetooth','Backup Camera','Blind Spot Monitoring']","[PREMIUM]",,0,0,0,1,true,5,,,"t112150",33644,"m12","d249","78752",462753,"DEALER","[PREMIUM]","[PREMIUM]",,,,,"[PREMIUM]","[PREMIUM]","[PREMIUM]","[PREMIUM]","[PREMIUM]",,"PAYING",,,"[PREMIUM]"
"444551629","2026-04-06 05:30:45.962","2026-04-20 05:30:00.060","444551629","[PREMIUM]","[PREMIUM]","[PREMIUM]",-363,"[PREMIUM]","FAIR_PRICE",28107,"USED","16534781",2025,"Kia","K4","LXS FWD","sedan","Gray",,"Automatic","Front-Wheel Drive","147 hp 2L I4","Gasoline",12.4,,,,"4 doors","Vehicle image for demonstration purposes only. We make every effort to provide accurate information including but not limited to price, mileage, and vehicle options. This vehicle is part of The Hertz Corporations rental fleet and may currently be on rent and not immediately available for physical inspection or final sale. The vehicle mileage and price listed is an estimate and may change. Prior to any sale, the vehicle will go through pre-delivery inspection to ensure it meets our quality standards. Please verify all information with your local Hertz Car Sales location before visiting the location or purchasing. Estimated prices exclude all taxes, tag, title, registration fees, government fees, finance charge, dealer document processing charge, and any emission testing charge.","['Bluetooth','Backup Camera','Blind Spot Monitoring','Adaptive Cruise Control','Alloy Wheels']","[PREMIUM]",7,12,14,0,1,true,5,,,"t112181",33369,"m33","d3384","19153",463697,"DEALER","[PREMIUM]","[PREMIUM]",,,,,"[PREMIUM]","[PREMIUM]","[PREMIUM]","[PREMIUM]","[PREMIUM]",,"PAYING",,,"[PREMIUM]"
"444551705","2026-04-06 05:30:45.961","2026-04-06 05:30:45.961","444551705","[PREMIUM]","[PREMIUM]","[PREMIUM]",-120,"[PREMIUM]","FAIR_PRICE",21586,"USED","16673650",2025,"Nissan","Altima","2.5 SV FWD","sedan","Black",,"Automatic","Front-Wheel Drive","188 hp 2.5L I4","Gasoline",16.2,27,38,31.95,"4 doors","Vehicle image for demonstration purposes only. We make every effort to provide accurate information including but not limited to price, mileage, and vehicle options. This vehicle is part of The Hertz Corporations rental fleet and may currently be on rent and not immediately available for physical inspection or final sale. The vehicle mileage and price listed is an estimate and may change. Prior to any sale, the vehicle will go through pre-delivery inspection to ensure it meets our quality standards. Please verify all information with your local Hertz Car Sales location before visiting the location or purchasing. Estimated prices exclude all taxes, tag, title, registration fees, government fees, finance charge, dealer document processing charge, and any emission testing charge.","['Bluetooth','Backup Camera','Remote Start','Blind Spot Monitoring','Alloy Wheels']","[PREMIUM]",,0,0,0,1,true,5,,,"t112136",33642,"m12","d237","01905",462748,"DEALER","[PREMIUM]","[PREMIUM]",,,,,"[PREMIUM]","[PREMIUM]","[PREMIUM]","[PREMIUM]","[PREMIUM]",,"PAYING",,,"[PREMIUM]"
"444551596","2026-04-06 05:30:45.960","2026-04-20 17:25:55.328","444551596","[PREMIUM]","[PREMIUM]","[PREMIUM]",1161,"[PREMIUM]","GREAT_PRICE",41437,"USED","16506174",2025,"Jeep","Compass","Limited 4WD","crossover","White",,"8-Speed Automatic","Four-Wheel Drive","200 hp 2L I4","Gasoline",13.5,24,32,27.6,"4 doors","Vehicle image for demonstration purposes only. We make every effort to provide accurate information including but not limited to price, mileage, and vehicle options. This vehicle is part of The Hertz Corporations rental fleet and may currently be on rent and not immediately available for physical inspection or final sale. The vehicle mileage and price listed is an estimate and may change. Prior to any sale, the vehicle will go through pre-delivery inspection to ensure it meets our quality standards. Please verify all information with your local Hertz Car Sales location before visiting the location or purchasing. Estimated prices exclude all taxes, tag, title, registration fees, government fees, finance charge, dealer document processing charge, and any emission testing charge.","['Bluetooth','Backup Camera','Blind Spot Monitoring','Adaptive Cruise Control','Heated Seats','Alloy Wheels']","[PREMIUM]",16,14,14,1,1,true,6,,,"t111362",33516,"m32","d905","90301",462767,"DEALER","[PREMIUM]","[PREMIUM]",,,,,"[PREMIUM]","[PREMIUM]","[PREMIUM]","[PREMIUM]","[PREMIUM]",,"PAYING",3,1,"[PREMIUM]"
"444551582","2026-04-06 05:30:45.777","2026-04-06 05:30:45.777","444551582","[PREMIUM]","[PREMIUM]","[PREMIUM]",-372,"[PREMIUM]","FAIR_PRICE",17671,"USED","16670548",2025,"Nissan","Altima","2.5 SV FWD","sedan","White",,"Automatic","Front-Wheel Drive","188 hp 2.5L I4","Gasoline",16.2,27,38,31.95,"4 doors","Vehicle image for demonstration purposes only. We make every effort to provide accurate information including but not limited to price, mileage, and vehicle options. This vehicle is part of The Hertz Corporations rental fleet and may currently be on rent and not immediately available for physical inspection or final sale. The vehicle mileage and price listed is an estimate and may change. Prior to any sale, the vehicle will go through pre-delivery inspection to ensure it meets our quality standards. Please verify all information with your local Hertz Car Sales location before visiting the location or purchasing. Estimated prices exclude all taxes, tag, title, registration fees, government fees, finance charge, dealer document processing charge, and any emission testing charge.","['Bluetooth','Backup Camera','Remote Start','Blind Spot Monitoring','Alloy Wheels']","[PREMIUM]",,0,0,0,2,true,5,,,"t112136",33642,"m12","d237","60018",462759,"DEALER","[PREMIUM]","[PREMIUM]",,,,,"[PREMIUM]","[PREMIUM]","[PREMIUM]","[PREMIUM]","[PREMIUM]",,"PAYING",,,"[PREMIUM]"
"444551620","2026-04-06 05:30:45.777","2026-04-06 05:30:45.777","444551620","[PREMIUM]","[PREMIUM]","[PREMIUM]",-454,"[PREMIUM]","FAIR_PRICE",29106,"USED","16546502",2025,"Hyundai","Tucson","SEL FWD","crossover","Gray",,"8-Speed Automatic","Front-Wheel Drive","187 hp 2.5L I4","Gasoline",14.3,25,33,28.6,"4 doors","Vehicle image for demonstration purposes only. We make every effort to provide accurate information including but not limited to price, mileage, and vehicle options. This vehicle is part of The Hertz Corporations rental fleet and may currently be on rent and not immediately available for physical inspection or final sale. The vehicle mileage and price listed is an estimate and may change. Prior to any sale, the vehicle will go through pre-delivery inspection to ensure it meets our quality standards. Please verify all information with your local Hertz Car Sales location before visiting the location or purchasing. Estimated prices exclude all taxes, tag, title, registration fees, government fees, finance charge, dealer document processing charge, and any emission testing charge.","['Bluetooth','Backup Camera','Blind Spot Monitoring','Adaptive Cruise Control','Heated Seats','Alloy Wheels']","[PREMIUM]",,0,0,0,1,true,6,,,"t111741",33573,"m28","d98","95051",463706,"DEALER","[PREMIUM]","[PREMIUM]",,,,,"[PREMIUM]","[PREMIUM]","[PREMIUM]","[PREMIUM]","[PREMIUM]",,"PAYING",,,"[PREMIUM]"
"444551631","2026-04-06 05:30:45.750","2026-04-06 05:30:45.750","444551631","[PREMIUM]","[PREMIUM]","[PREMIUM]",-449,"[PREMIUM]","FAIR_PRICE",35612,"USED","16700688",2025,"Nissan","Rogue","SV AWD","crossover","White",,"Automatic","All-Wheel Drive","201 hp 1.5L I3","Gasoline",14.5,28,35,31.15,"4 doors","Vehicle image for demonstration purposes only. We make every effort to provide accurate information including but not limited to price, mileage, and vehicle options. This vehicle is part of The Hertz Corporations rental fleet and may currently be on rent and not immediately available for physical inspection or final sale. The vehicle mileage and price listed is an estimate and may change. Prior to any sale, the vehicle will go through pre-delivery inspection to ensure it meets our quality standards. Please verify all information with your local Hertz Car Sales location before visiting the location or purchasing. Estimated prices exclude all taxes, tag, title, registration fees, government fees, finance charge, dealer document processing charge, and any emission testing charge.","['Bluetooth','Backup Camera','Remote Start','Blind Spot Monitoring','Adaptive Cruise Control','Alloy Wheels']","[PREMIUM]",,0,0,0,1,true,6,,,"t112142",33643,"m12","d1047","28212",462754,"DEALER","[PREMIUM]","[PREMIUM]",,,,,"[PREMIUM]","[PREMIUM]","[PREMIUM]","[PREMIUM]","[PREMIUM]",,"PAYING",,,"[PREMIUM]"
"444551580","2026-04-06 05:30:45.671","2026-04-20 05:43:49.974","444551580","[PREMIUM]","[PREMIUM]","[PREMIUM]",-1911,"[PREMIUM]","OVERPRICED",34083,"USED","16562952",2025,"Jeep","Compass","Trailhawk 4WD","crossover","White",,"8-Speed Automatic","Four-Wheel Drive","200 hp 2L I4","Gasoline",13.5,24,32,27.6,"4 doors","Vehicle image for demonstration purposes only. We make every effort to provide accurate information including but not limited to price, mileage, and vehicle options. This vehicle is part of The Hertz Corporations rental fleet and may currently be on rent and not immediately available for physical inspection or final sale. The vehicle mileage and price listed is an estimate and may change. Prior to any sale, the vehicle will go through pre-delivery inspection to ensure it meets our quality standards. Please verify all information with your local Hertz Car Sales location before visiting the location or purchasing. Estimated prices exclude all taxes, tag, title, registration fees, government fees, finance charge, dealer document processing charge, and any emission testing charge.","['Leather Seats','Adaptive Cruise Control','Alloy Wheels','Bluetooth','Backup Camera','Blind Spot Monitoring']","[PREMIUM]",16,14,14,0,1,true,6,,,"t111358",33516,"m32","d905","60018",462759,"DEALER","[PREMIUM]","[PREMIUM]",,,,,"[PREMIUM]","[PREMIUM]","[PREMIUM]","[PREMIUM]","[PREMIUM]",,"PAYING",,,"[PREMIUM]"
"444551626","2026-04-06 05:30:45.670","2026-04-06 05:30:45.670","444551626","[PREMIUM]","[PREMIUM]","[PREMIUM]",-453,"[PREMIUM]","FAIR_PRICE",26364,"USED","16635256",2025,"Hyundai","Sonata","SEL FWD","sedan","Silver",,"8-Speed Automatic","Front-Wheel Drive","191 hp 2.5L I4","Gasoline",15.9,,,,"4 doors","Vehicle image for demonstration purposes only. We make every effort to provide accurate information including but not limited to price, mileage, and vehicle options. This vehicle is part of The Hertz Corporations rental fleet and may currently be on rent and not immediately available for physical inspection or final sale. The vehicle mileage and price listed is an estimate and may change. Prior to any sale, the vehicle will go through pre-delivery inspection to ensure it meets our quality standards. Please verify all information with your local Hertz Car Sales location before visiting the location or purchasing. Estimated prices exclude all taxes, tag, title, registration fees, government fees, finance charge, dealer document processing charge, and any emission testing charge.","['Bluetooth','Backup Camera','Blind Spot Monitoring','Adaptive Cruise Control','Heated Seats','Alloy Wheels']","[PREMIUM]",,0,0,0,1,true,6,,,"t112216",33654,"m28","d96","11787",462762,"DEALER","[PREMIUM]","[PREMIUM]",,,,,"[PREMIUM]","[PREMIUM]","[PREMIUM]","[PREMIUM]","[PREMIUM]",,"PAYING",,,"[PREMIUM]"
"444551584","2026-04-06 05:30:45.666","2026-04-06 05:30:45.666","444551584","[PREMIUM]","[PREMIUM]","[PREMIUM]",-560,"[PREMIUM]","FAIR_PRICE",31713,"USED","16507837",2025,"Kia","K4","LXS FWD","sedan","Blue",,"Automatic","Front-Wheel Drive","147 hp 2L I4","Gasoline",12.4,,,,"4 doors","Vehicle image for demonstration purposes only. We make every effort to provide accurate information including but not limited to price, mileage, and vehicle options. This vehicle is part of The Hertz Corporations rental fleet and may currently be on rent and not immediately available for physical inspection or final sale. The vehicle mileage and price listed is an estimate and may change. Prior to any sale, the vehicle will go through pre-delivery inspection to ensure it meets our quality standards. Please verify all information with your local Hertz Car Sales location before visiting the location or purchasing. Estimated prices exclude all taxes, tag, title, registration fees, government fees, finance charge, dealer document processing charge, and any emission testing charge.","['Bluetooth','Backup Camera','Blind Spot Monitoring','Adaptive Cruise Control','Alloy Wheels']","[PREMIUM]",,0,0,0,1,true,5,,,"t112181",33369,"m33","d3384","60018",462759,"DEALER","[PREMIUM]","[PREMIUM]",,,,,"[PREMIUM]","[PREMIUM]","[PREMIUM]","[PREMIUM]","[PREMIUM]",,"PAYING",,,"[PREMIUM]"
"444551634","2026-04-06 05:30:45.659","2026-04-06 05:30:45.659","444551634","[PREMIUM]","[PREMIUM]","[PREMIUM]",-430,"[PREMIUM]","FAIR_PRICE",27165,"USED","16659918",2025,"Buick","Encore GX","Preferred AWD","crossover","White",,"9-Speed Automatic","All-Wheel Drive","155 hp 1.3L I3","Gasoline",13.2,26,28,26.9,"4 doors","Vehicle image for demonstration purposes only. We make every effort to provide accurate information including but not limited to price, mileage, and vehicle options. This vehicle is part of The Hertz Corporations rental fleet and may currently be on rent and not immediately available for physical inspection or final sale. The vehicle mileage and price listed is an estimate and may change. Prior to any sale, the vehicle will go through pre-delivery inspection to ensure it meets our quality standards. Please verify all information with your local Hertz Car Sales location before visiting the location or purchasing. Estimated prices exclude all taxes, tag, title, registration fees, government fees, finance charge, dealer document processing charge, and any emission testing charge.","['Navigation System','Alloy Wheels','Bluetooth','Backup Camera','Remote Start','Blind Spot Monitoring']","[PREMIUM]",,0,0,0,1,true,6,,,"t110133",33318,"m21","d2901","76021",462760,"DEALER","[PREMIUM]","[PREMIUM]",,,,,"[PREMIUM]","[PREMIUM]","[PREMIUM]","[PREMIUM]","[PREMIUM]",,"PAYING",,,"[PREMIUM]"
"444551623","2026-04-06 05:30:45.659","2026-04-06 05:30:45.659","444551623","[PREMIUM]","[PREMIUM]","[PREMIUM]",-412,"[PREMIUM]","FAIR_PRICE",31901,"USED","16524261",2025,"Jeep","Compass","Limited 4WD","crossover","White",,"8-Speed Automatic","Four-Wheel Drive","200 hp 2L I4","Gasoline",13.5,24,32,27.6,"4 doors","Vehicle image for demonstration purposes only. We make every effort to provide accurate information including but not limited to price, mileage, and vehicle options. This vehicle is part of The Hertz Corporations rental fleet and may currently be on rent and not immediately available for physical inspection or final sale. The vehicle mileage and price listed is an estimate and may change. Prior to any sale, the vehicle will go through pre-delivery inspection to ensure it meets our quality standards. Please verify all information with your local Hertz Car Sales location before visiting the location or purchasing. Estimated prices exclude all taxes, tag, title, registration fees, government fees, finance charge, dealer document processing charge, and any emission testing charge.","['Bluetooth','Backup Camera','Blind Spot Monitoring','Adaptive Cruise Control','Heated Seats','Alloy Wheels']","[PREMIUM]",,0,0,0,1,true,6,,,"t111362",33516,"m32","d905","11787",462762,"DEALER","[PREMIUM]","[PREMIUM]",,,,,"[PREMIUM]","[PREMIUM]","[PREMIUM]","[PREMIUM]","[PREMIUM]",,"PAYING",,,"[PREMIUM]"
"444551622","2026-04-06 05:30:45.657","2026-04-06 05:30:45.657","444551622","[PREMIUM]","[PREMIUM]","[PREMIUM]",-339,"[PREMIUM]","FAIR_PRICE",19625,"USED","16690519",2025,"Chevrolet","Equinox","LT FWD","crossover","Black",,"Automatic","Front-Wheel Drive","175 hp 1.5L I4","Gasoline",14.8,26,28,26.9,"4 doors","Vehicle image for demonstration purposes only. We make every effort to provide accurate information including but not limited to price, mileage, and vehicle options. This vehicle is part of The Hertz Corporations rental fleet and may currently be on rent and not immediately available for physical inspection or final sale. The vehicle mileage and price listed is an estimate and may change. Prior to any sale, the vehicle will go through pre-delivery inspection to ensure it meets our quality standards. Please verify all information with your local Hertz Car Sales location before visiting the location or purchasing. Estimated prices exclude all taxes, tag, title, registration fees, government fees, finance charge, dealer document processing charge, and any emission testing charge.","['Navigation System','Adaptive Cruise Control','Alloy Wheels','Bluetooth','Backup Camera','Remote Start','Blind Spot Monitoring','Heated Seats']","[PREMIUM]",,0,0,0,1,true,8,,,"t111108",33465,"m1","d616","11787",462762,"DEALER","[PREMIUM]","[PREMIUM]",,,,,"[PREMIUM]","[PREMIUM]","[PREMIUM]","[PREMIUM]","[PREMIUM]",,"PAYING",,,"[PREMIUM]"
"444551641","2026-04-06 05:30:45.657","2026-04-06 05:30:45.657","444551641","[PREMIUM]","[PREMIUM]","[PREMIUM]",-538,"[PREMIUM]","FAIR_PRICE",30070,"USED","16606679",2025,"Jeep","Wrangler","Sport S 4-Door 4WD","suv","White",,,"Four-Wheel Drive",,,21.5,,,,"4 doors","Vehicle image for demonstration purposes only. We make every effort to provide accurate information including but not limited to price, mileage, and vehicle options. This vehicle is part of The Hertz Corporations rental fleet and may currently be on rent and not immediately available for physical inspection or final sale. The vehicle mileage and price listed is an estimate and may change. Prior to any sale, the vehicle will go through pre-delivery inspection to ensure it meets our quality standards. Please verify all information with your local Hertz Car Sales location before visiting the location or purchasing. Estimated prices exclude all taxes, tag, title, registration fees, government fees, finance charge, dealer document processing charge, and any emission testing charge.","['Bluetooth','Backup Camera','Alloy Wheels']","[PREMIUM]",,0,0,0,1,true,3,,,"t112940",33695,"m32","d494","01905",462748,"DEALER","[PREMIUM]","[PREMIUM]",,,,,"[PREMIUM]","[PREMIUM]","[PREMIUM]","[PREMIUM]","[PREMIUM]",,"PAYING",,,"[PREMIUM]"
"444551633","2026-04-06 05:30:45.655","2026-04-06 05:30:45.655","444551633","[PREMIUM]","[PREMIUM]","[PREMIUM]",-261,"[PREMIUM]","FAIR_PRICE",23230,"USED","16675526",2025,"Nissan","Altima","2.5 SV FWD","sedan","Black",,"Automatic","Front-Wheel Drive","188 hp 2.5L I4","Gasoline",16.2,27,38,31.95,"4 doors","Vehicle image for demonstration purposes only. We make every effort to provide accurate information including but not limited to price, mileage, and vehicle options. This vehicle is part of The Hertz Corporations rental fleet and may currently be on rent and not immediately available for physical inspection or final sale. The vehicle mileage and price listed is an estimate and may change. Prior to any sale, the vehicle will go through pre-delivery inspection to ensure it meets our quality standards. Please verify all information with your local Hertz Car Sales location before visiting the location or purchasing. Estimated prices exclude all taxes, tag, title, registration fees, government fees, finance charge, dealer document processing charge, and any emission testing charge.","['Bluetooth','Backup Camera','Remote Start','Blind Spot Monitoring','Alloy Wheels']","[PREMIUM]",,0,0,0,1,true,5,,,"t112136",33642,"m12","d237","92111",463322,"DEALER","[PREMIUM]","[PREMIUM]",,,,,"[PREMIUM]","[PREMIUM]","[PREMIUM]","[PREMIUM]","[PREMIUM]",,"PAYING",,,"[PREMIUM]"
"444551594","2026-04-06 05:30:45.655","2026-04-06 05:30:45.655","444551594","[PREMIUM]","[PREMIUM]","[PREMIUM]",-294,"[PREMIUM]","FAIR_PRICE",25118,"USED","16645422",2025,"Kia","Soul","LX FWD","crossover","Gray","Black","Automatic","Front-Wheel Drive","147 hp 2L I4","Gasoline",14.3,27,33,29.7,"4 doors","Vehicle image for demonstration purposes only. We make every effort to provide accurate information including but not limited to price, mileage, and vehicle options. This vehicle is part of The Hertz Corporations rental fleet and may currently be on rent and not immediately available for physical inspection or final sale. The vehicle mileage and price listed is an estimate and may change. Prior to any sale, the vehicle will go through pre-delivery inspection to ensure it meets our quality standards. Please verify all information with your local Hertz Car Sales location before visiting the location or purchasing. Estimated prices exclude all taxes, tag, title, registration fees, government fees, finance charge, dealer document processing charge, and any emission testing charge.","['Steel Wheels','Bluetooth','Backup Camera']","[PREMIUM]",,0,0,0,1,true,3,,,"t111206",33484,"m33","d2020","27103",463327,"DEALER","[PREMIUM]","[PREMIUM]",,,,,"[PREMIUM]","[PREMIUM]","[PREMIUM]","[PREMIUM]","[PREMIUM]",,"PAYING",,,"[PREMIUM]"
"444551608","2026-04-06 05:30:45.651","2026-04-06 05:30:45.651","444551608","[PREMIUM]","[PREMIUM]","[PREMIUM]",-278,"[PREMIUM]","FAIR_PRICE",45237,"USED","16692587",2025,"Nissan","Altima","2.5 SV FWD","sedan","White",,"Automatic","Front-Wheel Drive","188 hp 2.5L I4","Gasoline",16.2,27,38,31.95,"4 doors","Vehicle image for demonstration purposes only. We make every effort to provide accurate information including but not limited to price, mileage, and vehicle options. This vehicle is part of The Hertz Corporations rental fleet and may currently be on rent and not immediately available for physical inspection or final sale. The vehicle mileage and price listed is an estimate and may change. Prior to any sale, the vehicle will go through pre-delivery inspection to ensure it meets our quality standards. Please verify all information with your local Hertz Car Sales location before visiting the location or purchasing. Estimated prices exclude all taxes, tag, title, registration fees, government fees, finance charge, dealer document processing charge, and any emission testing charge.","['Alloy Wheels','Bluetooth','Backup Camera','Remote Start','Blind Spot Monitoring']","[PREMIUM]",,0,0,0,1,true,5,,,"t112136",33642,"m12","d237","32225",463701,"DEALER","[PREMIUM]","[PREMIUM]",,,,,"[PREMIUM]","[PREMIUM]","[PREMIUM]","[PREMIUM]","[PREMIUM]",,"PAYING",,,"[PREMIUM]"
"444551691","2026-04-06 05:30:45.416","2026-04-06 05:30:45.416","444551691","[PREMIUM]","[PREMIUM]","[PREMIUM]",869,"[PREMIUM]","GOOD_PRICE",12398,"USED","16709338",2025,"Mazda","CX-50","Hybrid Premium Plus AWD","suv","White",,"Automatic","All-Wheel Drive","2.5L I4 Hybrid","Hybrid",14.5,39,37,38.1,"4 doors","Vehicle image for demonstration purposes only. We make every effort to provide accurate information including but not limited to price, mileage, and vehicle options. This vehicle is part of The Hertz Corporations rental fleet and may currently be on rent and not immediately available for physical inspection or final sale. The vehicle mileage and price listed is an estimate and may change. Prior to any sale, the vehicle will go through pre-delivery inspection to ensure it meets our quality standards. Please verify all information with your local Hertz Car Sales location before visiting the location or purchasing. Estimated prices exclude all taxes, tag, title, registration fees, government fees, finance charge, dealer document processing charge, and any emission testing charge.","['Leather Seats','Sunroof/Moonroof','Adaptive Cruise Control','Alloy Wheels','Bluetooth','Backup Camera','Blind Spot Monitoring','Heated Seats']","[PREMIUM]",,0,0,0,1,true,8,,,"t112248",33597,"m42","d3215","32822",462757,"DEALER","[PREMIUM]","[PREMIUM]",,,,,"[PREMIUM]","[PREMIUM]","[PREMIUM]","[PREMIUM]","[PREMIUM]",,"PAYING",5,1,"[PREMIUM]"
"444539646","2026-04-06 05:30:45.342","2026-04-06 05:30:45.342","444539646","[PREMIUM]","[PREMIUM]","[PREMIUM]",2730,"[PREMIUM]","GOOD_PRICE",13495,"USED","54-3038",2025,"Ford","Transit Passenger",,"van","White","Black","Automatic",,"275 hp 3.5L V6 Flex Fuel Vehicle","Flex Fuel Vehicle",,,,,,"4-6-2026 01:11 am (408)","['Steel Wheels','Bluetooth','Backup Camera']","[PREMIUM]",,1,1,0,1,true,3,,true,"c33791",33791,"m2","d2270","90650",278926,"DEALER","[PREMIUM]","[PREMIUM]","Norwalk","CA","90650","US","[PREMIUM]","[PREMIUM]","[PREMIUM]","[PREMIUM]","[PREMIUM]",,"PAYING",5,2,"[PREMIUM]"
"444551699","2026-04-06 05:30:45.340","2026-04-06 05:30:45.340","444551699","[PREMIUM]","[PREMIUM]","[PREMIUM]",815,"[PREMIUM]","GOOD_PRICE",12956,"USED","16702197",2025,"Jeep","Compass","Latitude 4WD","crossover","White",,"8-Speed Automatic","Four-Wheel Drive","200 hp 2L I4","Gasoline",13.5,24,32,27.6,"4 doors","Vehicle image for demonstration purposes only. We make every effort to provide accurate information including but not limited to price, mileage, and vehicle options. This vehicle is part of The Hertz Corporations rental fleet and may currently be on rent and not immediately available for physical inspection or final sale. The vehicle mileage and price listed is an estimate and may change. Prior to any sale, the vehicle will go through pre-delivery inspection to ensure it meets our quality standards. Please verify all information with your local Hertz Car Sales location before visiting the location or purchasing. Estimated prices exclude all taxes, tag, title, registration fees, government fees, finance charge, dealer document processing charge, and any emission testing charge.","['Bluetooth','Backup Camera','Remote Start','Blind Spot Monitoring','Heated Seats','Alloy Wheels']","[PREMIUM]",,0,0,0,1,true,6,,,"t111360",33516,"m32","d905","37217",462756,"DEALER","[PREMIUM]","[PREMIUM]",,,,,"[PREMIUM]","[PREMIUM]","[PREMIUM]","[PREMIUM]","[PREMIUM]",,"PAYING",,,"[PREMIUM]"
"444551592","2026-04-06 05:30:45.338","2026-04-06 05:30:45.338","444551592","[PREMIUM]","[PREMIUM]","[PREMIUM]",889,"[PREMIUM]","GOOD_PRICE",26252,"USED","16595289",2025,"Jeep","Compass","Trailhawk 4WD","crossover","Blue",,"8-Speed Automatic","Four-Wheel Drive","200 hp 2L I4","Gasoline",13.5,24,32,27.6,"4 doors","Vehicle image for demonstration purposes only. We make every effort to provide accurate information including but not limited to price, mileage, and vehicle options. This vehicle is part of The Hertz Corporations rental fleet and may currently be on rent and not immediately available for physical inspection or final sale. The vehicle mileage and price listed is an estimate and may change. Prior to any sale, the vehicle will go through pre-delivery inspection to ensure it meets our quality standards. Please verify all information with your local Hertz Car Sales location before visiting the location or purchasing. Estimated prices exclude all taxes, tag, title, registration fees, government fees, finance charge, dealer document processing charge, and any emission testing charge.","['Leather Seats','Adaptive Cruise Control','Alloy Wheels','Bluetooth','Backup Camera','Blind Spot Monitoring']","[PREMIUM]",,0,0,0,1,true,6,,,"t111358",33516,"m32","d905","45140",463660,"DEALER","[PREMIUM]","[PREMIUM]",,,,,"[PREMIUM]","[PREMIUM]","[PREMIUM]","[PREMIUM]","[PREMIUM]",,"PAYING",,,"[PREMIUM]"
"444551601","2026-04-06 05:30:45.336","2026-04-19 06:25:44.532","444551601","[PREMIUM]","[PREMIUM]","[PREMIUM]",223,"[PREMIUM]","FAIR_PRICE",26385,"USED","16643698",2025,"Chevrolet","Trailblazer","LT FWD","crossover","Red",,"Automatic","Front-Wheel Drive","155 hp 1.3L I3","Gasoline",13.2,29,33,30.8,"4 doors","Vehicle image for demonstration purposes only. We make every effort to provide accurate information including but not limited to price, mileage, and vehicle options. This vehicle is part of The Hertz Corporations rental fleet and may currently be on rent and not immediately available for physical inspection or final sale. The vehicle mileage and price listed is an estimate and may change. Prior to any sale, the vehicle will go through pre-delivery inspection to ensure it meets our quality standards. Please verify all information with your local Hertz Car Sales location before visiting the location or purchasing. Estimated prices exclude all taxes, tag, title, registration fees, government fees, finance charge, dealer document processing charge, and any emission testing charge.","['Navigation System','Alloy Wheels','Bluetooth','Backup Camera','Remote Start']","[PREMIUM]",16,13,13,0,1,true,5,,,"t110941",33456,"m1","d642","33612",462747,"DEALER","[PREMIUM]","[PREMIUM]",,,,,"[PREMIUM]","[PREMIUM]","[PREMIUM]","[PREMIUM]","[PREMIUM]",,"PAYING",,,"[PREMIUM]"
"444551632","2026-04-06 05:30:45.332","2026-04-06 05:30:45.332","444551632","[PREMIUM]","[PREMIUM]","[PREMIUM]",736,"[PREMIUM]","GOOD_PRICE",30833,"USED","16664254",2025,"Chevrolet","Trax","LT FWD","crossover","Gray",,"6-Speed Automatic","Front-Wheel Drive","137 hp 1.2L I3 Flex Fuel Vehicle","Flex Fuel Vehicle",13.2,28,32,29.8,"4 doors","Vehicle image for demonstration purposes only. We make every effort to provide accurate information including but not limited to price, mileage, and vehicle options. This vehicle is part of The Hertz Corporations rental fleet and may currently be on rent and not immediately available for physical inspection or final sale. The vehicle mileage and price listed is an estimate and may change. Prior to any sale, the vehicle will go through pre-delivery inspection to ensure it meets our quality standards. Please verify all information with your local Hertz Car Sales location before visiting the location or purchasing. Estimated prices exclude all taxes, tag, title, registration fees, government fees, finance charge, dealer document processing charge, and any emission testing charge.","['Bluetooth','Backup Camera','Remote Start','Navigation System','Alloy Wheels']","[PREMIUM]",,0,0,0,1,true,5,,,"t110480",33371,"m1","d2272","37217",462756,"DEALER","[PREMIUM]","[PREMIUM]",,,,,"[PREMIUM]","[PREMIUM]","[PREMIUM]","[PREMIUM]","[PREMIUM]",,"PAYING",,,"[PREMIUM]"
"444551684","2026-04-06 05:30:45.329","2026-04-06 05:30:45.329","444551684","[PREMIUM]","[PREMIUM]","[PREMIUM]",-590,"[PREMIUM]","FAIR_PRICE",28194,"USED","16546346",2025,"Hyundai","Tucson","SEL FWD","crossover","Red",,"8-Speed Automatic","Front-Wheel Drive","187 hp 2.5L I4","Gasoline",14.3,25,33,28.6,"4 doors","Vehicle image for demonstration purposes only. We make every effort to provide accurate information including but not limited to price, mileage, and vehicle options. This vehicle is part of The Hertz Corporations rental fleet and may currently be on rent and not immediately available for physical inspection or final sale. The vehicle mileage and price listed is an estimate and may change. Prior to any sale, the vehicle will go through pre-delivery inspection to ensure it meets our quality standards. Please verify all information with your local Hertz Car Sales location before visiting the location or purchasing. Estimated prices exclude all taxes, tag, title, registration fees, government fees, finance charge, dealer document processing charge, and any emission testing charge.","['Bluetooth','Backup Camera','Blind Spot Monitoring','Adaptive Cruise Control','Heated Seats','Alloy Wheels']","[PREMIUM]",,0,0,1,1,true,6,,,"t111741",33573,"m28","d98","90301",462767,"DEALER","[PREMIUM]","[PREMIUM]",,,,,"[PREMIUM]","[PREMIUM]","[PREMIUM]","[PREMIUM]","[PREMIUM]",,"PAYING",3,1,"[PREMIUM]"
"444551602","2026-04-06 05:30:45.328","2026-04-06 05:30:45.328","444551602","[PREMIUM]","[PREMIUM]","[PREMIUM]",-407,"[PREMIUM]","FAIR_PRICE",34837,"USED","16520226",2025,"Nissan","Altima","2.5 SV FWD","sedan","Black",,"Automatic","Front-Wheel Drive","188 hp 2.5L I4","Gasoline",16.2,27,38,31.95,"4 doors","Vehicle image for demonstration purposes only. We make every effort to provide accurate information including but not limited to price, mileage, and vehicle options. This vehicle is part of The Hertz Corporations rental fleet and may currently be on rent and not immediately available for physical inspection or final sale. The vehicle mileage and price listed is an estimate and may change. Prior to any sale, the vehicle will go through pre-delivery inspection to ensure it meets our quality standards. Please verify all information with your local Hertz Car Sales location before visiting the location or purchasing. Estimated prices exclude all taxes, tag, title, registration fees, government fees, finance charge, dealer document processing charge, and any emission testing charge.","['Bluetooth','Backup Camera','Remote Start','Blind Spot Monitoring','Alloy Wheels']","[PREMIUM]",,0,0,0,1,true,5,,,"t112136",33642,"m12","d237","33612",462747,"DEALER","[PREMIUM]","[PREMIUM]",,,,,"[PREMIUM]","[PREMIUM]","[PREMIUM]","[PREMIUM]","[PREMIUM]",,"PAYING",,,"[PREMIUM]"
"444551615","2026-04-06 05:30:45.328","2026-04-06 05:30:45.328","444551615","[PREMIUM]","[PREMIUM]","[PREMIUM]",-523,"[PREMIUM]","FAIR_PRICE",21764,"USED","16677629",2025,"Jeep","Compass","Limited 4WD","crossover","Blue",,"8-Speed Automatic","Four-Wheel Drive","200 hp 2L I4","Gasoline",13.5,24,32,27.6,"4 doors","Vehicle image for demonstration purposes only. We make every effort to provide accurate information including but not limited to price, mileage, and vehicle options. This vehicle is part of The Hertz Corporations rental fleet and may currently be on rent and not immediately available for physical inspection or final sale. The vehicle mileage and price listed is an estimate and may change. Prior to any sale, the vehicle will go through pre-delivery inspection to ensure it meets our quality standards. Please verify all information with your local Hertz Car Sales location before visiting the location or purchasing. Estimated prices exclude all taxes, tag, title, registration fees, government fees, finance charge, dealer document processing charge, and any emission testing charge.","['Bluetooth','Backup Camera','Blind Spot Monitoring','Adaptive Cruise Control','Heated Seats','Alloy Wheels']","[PREMIUM]",,0,0,0,1,true,6,,,"t111362",33516,"m32","d905","98168",463702,"DEALER","[PREMIUM]","[PREMIUM]",,,,,"[PREMIUM]","[PREMIUM]","[PREMIUM]","[PREMIUM]","[PREMIUM]",,"PAYING",,,"[PREMIUM]"
"444551674","2026-04-06 05:30:45.325","2026-04-06 05:30:45.325","444551674","[PREMIUM]","[PREMIUM]","[PREMIUM]",380,"[PREMIUM]","GOOD_PRICE",22368,"USED","16677034",2025,"Nissan","Altima","2.5 SV FWD","sedan","White",,"Automatic","Front-Wheel Drive","188 hp 2.5L I4","Gasoline",16.2,27,38,31.95,"4 doors","Vehicle image for demonstration purposes only. We make every effort to provide accurate information including but not limited to price, mileage, and vehicle options. This vehicle is part of The Hertz Corporations rental fleet and may currently be on rent and not immediately available for physical inspection or final sale. The vehicle mileage and price listed is an estimate and may change. Prior to any sale, the vehicle will go through pre-delivery inspection to ensure it meets our quality standards. Please verify all information with your local Hertz Car Sales location before visiting the location or purchasing. Estimated prices exclude all taxes, tag, title, registration fees, government fees, finance charge, dealer document processing charge, and any emission testing charge.","['Bluetooth','Backup Camera','Remote Start','Blind Spot Monitoring','Alloy Wheels']","[PREMIUM]",,0,0,0,1,true,5,,,"t112136",33642,"m12","d237","15108",463708,"DEALER","[PREMIUM]","[PREMIUM]","Coraopolis","PA","15108","US","[PREMIUM]","[PREMIUM]","[PREMIUM]","[PREMIUM]","[PREMIUM]",,"PAYING",5,2,"[PREMIUM]"
"444551679","2026-04-06 05:30:45.325","2026-04-06 05:30:45.325","444551679","[PREMIUM]","[PREMIUM]","[PREMIUM]",-570,"[PREMIUM]","FAIR_PRICE",27913,"USED","16564199",2025,"Nissan","Rogue","SV AWD","crossover","Gray",,"Automatic","All-Wheel Drive","201 hp 1.5L I3","Gasoline",14.5,28,35,31.15,"4 doors","Vehicle image for demonstration purposes only. We make every effort to provide accurate information including but not limited to price, mileage, and vehicle options. This vehicle is part of The Hertz Corporations rental fleet and may currently be on rent and not immediately available for physical inspection or final sale. The vehicle mileage and price listed is an estimate and may change. Prior to any sale, the vehicle will go through pre-delivery inspection to ensure it meets our quality standards. Please verify all information with your local Hertz Car Sales location before visiting the location or purchasing. Estimated prices exclude all taxes, tag, title, registration fees, government fees, finance charge, dealer document processing charge, and any emission testing charge.","['Bluetooth','Backup Camera','Remote Start','Blind Spot Monitoring','Adaptive Cruise Control','Alloy Wheels']","[PREMIUM]",,0,0,0,1,true,6,,,"t112142",33643,"m12","d1047","19153",463697,"DEALER","[PREMIUM]","[PREMIUM]",,,,,"[PREMIUM]","[PREMIUM]","[PREMIUM]","[PREMIUM]","[PREMIUM]",,"PAYING",,,"[PREMIUM]"
"444551595","2026-04-06 05:30:45.325","2026-04-06 05:30:45.325","444551595","[PREMIUM]","[PREMIUM]","[PREMIUM]",600,"[PREMIUM]","GOOD_PRICE",25355,"USED","16647865",2025,"Kia","Soul","LX FWD","crossover","Gray","Black","Automatic","Front-Wheel Drive","147 hp 2L I4","Gasoline",14.3,27,33,29.7,"4 doors","Vehicle image for demonstration purposes only. We make every effort to provide accurate information including but not limited to price, mileage, and vehicle options. This vehicle is part of The Hertz Corporations rental fleet and may currently be on rent and not immediately available for physical inspection or final sale. The vehicle mileage and price listed is an estimate and may change. Prior to any sale, the vehicle will go through pre-delivery inspection to ensure it meets our quality standards. Please verify all information with your local Hertz Car Sales location before visiting the location or purchasing. Estimated prices exclude all taxes, tag, title, registration fees, government fees, finance charge, dealer document processing charge, and any emission testing charge.","['Steel Wheels','Bluetooth','Backup Camera']","[PREMIUM]",,0,0,0,1,true,3,,,"t111206",33484,"m33","d2020","27103",463327,"DEALER","[PREMIUM]","[PREMIUM]",,,,,"[PREMIUM]","[PREMIUM]","[PREMIUM]","[PREMIUM]","[PREMIUM]",,"PAYING",,,"[PREMIUM]"
"444551599","2026-04-06 05:30:45.325","2026-04-06 05:30:45.325","444551599","[PREMIUM]","[PREMIUM]","[PREMIUM]",1021,"[PREMIUM]","GOOD_PRICE",33185,"USED","16619398",2025,"Toyota","Highlander","LE FWD","crossover","Silver",,"8-Speed Automatic","Front-Wheel Drive","265 hp 2.4L I4","Gasoline",17.9,,,,"4 doors","Vehicle image for demonstration purposes only. We make every effort to provide accurate information including but not limited to price, mileage, and vehicle options. This vehicle is part of The Hertz Corporations rental fleet and may currently be on rent and not immediately available for physical inspection or final sale. The vehicle mileage and price listed is an estimate and may change. Prior to any sale, the vehicle will go through pre-delivery inspection to ensure it meets our quality standards. Please verify all information with your local Hertz Car Sales location before visiting the location or purchasing. Estimated prices exclude all taxes, tag, title, registration fees, government fees, finance charge, dealer document processing charge, and any emission testing charge.","['Bluetooth','Backup Camera','Blind Spot Monitoring','Adaptive Cruise Control']","[PREMIUM]",,0,0,0,1,true,4,,,"t113243",33780,"m7","d298","30260",463765,"DEALER","[PREMIUM]","[PREMIUM]",,,,,"[PREMIUM]","[PREMIUM]","[PREMIUM]","[PREMIUM]","[PREMIUM]",,"PAYING",,,"[PREMIUM]"
"444551675","2026-04-06 05:30:44.918","2026-04-18 18:26:24.139","444551675","[PREMIUM]","[PREMIUM]","[PREMIUM]",-72,"[PREMIUM]","FAIR_PRICE",29954,"USED","16636455",2025,"Nissan","Altima","2.5 SV FWD","sedan","Gray",,"Automatic","Front-Wheel Drive","188 hp 2.5L I4","Gasoline",16.2,27,38,31.95,"4 doors","Vehicle image for demonstration purposes only. We make every effort to provide accurate information including but not limited to price, mileage, and vehicle options. This vehicle is part of The Hertz Corporations rental fleet and may currently be on rent and not immediately available for physical inspection or final sale. The vehicle mileage and price listed is an estimate and may change. Prior to any sale, the vehicle will go through pre-delivery inspection to ensure it meets our quality standards. Please verify all information with your local Hertz Car Sales location before visiting the location or purchasing. Estimated prices exclude all taxes, tag, title, registration fees, government fees, finance charge, dealer document processing charge, and any emission testing charge.","['Alloy Wheels','Bluetooth','Backup Camera','Remote Start','Blind Spot Monitoring']","[PREMIUM]",13,12,12,0,1,true,5,,,"t112136",33642,"m12","d237","15108",463708,"DEALER","[PREMIUM]","[PREMIUM]","Coraopolis","PA","15108","US","[PREMIUM]","[PREMIUM]","[PREMIUM]","[PREMIUM]","[PREMIUM]",,"PAYING",5,2,"[PREMIUM]"
"444550531","2026-04-06 05:30:44.907","2026-04-06 05:30:44.907","444550531","[PREMIUM]","[PREMIUM]","[PREMIUM]",1000,"[PREMIUM]","GREAT_PRICE",32392,"USED","16574917",2025,"Buick","Encore GX","Preferred FWD","crossover","Black (Ebony Twilight)",,"Automatic","Front-Wheel Drive","137 hp 1.2L I3 Flex Fuel Vehicle","Flex Fuel Vehicle",13.2,30,31,30.45,"4 doors",,"['Bluetooth','Backup Camera','Remote Start','Blind Spot Monitoring','Navigation System','Alloy Wheels']","[PREMIUM]",,1,1,0,1,true,6,,,"t110134",33318,"m21","d2901","46112",462766,"DEALER","[PREMIUM]","[PREMIUM]",,,,,"[PREMIUM]","[PREMIUM]","[PREMIUM]","[PREMIUM]","[PREMIUM]",,"AVAILABLE",,,"[PREMIUM]"
"444551604","2026-04-06 05:30:44.906","2026-04-06 05:30:44.906","444551604","[PREMIUM]","[PREMIUM]","[PREMIUM]",412,"[PREMIUM]","GOOD_PRICE",15774,"USED","16693190",2025,"Jeep","Compass","Limited 4WD","crossover","Silver",,"8-Speed Automatic","Four-Wheel Drive","200 hp 2L I4","Gasoline",13.5,24,32,27.6,"4 doors","Vehicle image for demonstration purposes only. We make every effort to provide accurate information including but not limited to price, mileage, and vehicle options. This vehicle is part of The Hertz Corporations rental fleet and may currently be on rent and not immediately available for physical inspection or final sale. The vehicle mileage and price listed is an estimate and may change. Prior to any sale, the vehicle will go through pre-delivery inspection to ensure it meets our quality standards. Please verify all information with your local Hertz Car Sales location before visiting the location or purchasing. Estimated prices exclude all taxes, tag, title, registration fees, government fees, finance charge, dealer document processing charge, and any emission testing charge.","['Bluetooth','Backup Camera','Blind Spot Monitoring','Adaptive Cruise Control','Heated Seats','Alloy Wheels']","[PREMIUM]",,0,0,0,1,true,6,,,"t111362",33516,"m32","d905","23230",463683,"DEALER","[PREMIUM]","[PREMIUM]",,,,,"[PREMIUM]","[PREMIUM]","[PREMIUM]","[PREMIUM]","[PREMIUM]",,"PAYING",,,"[PREMIUM]"
"444551616","2026-04-06 05:30:44.904","2026-04-06 05:30:44.904","444551616","[PREMIUM]","[PREMIUM]","[PREMIUM]",753,"[PREMIUM]","GOOD_PRICE",39934,"USED","16679052",2025,"Volkswagen","Atlas","SE FWD with Technology","suv","White",,"8-Speed Automatic","Front-Wheel Drive","2L I4","Gasoline",18.6,20,26,22.7,"4 doors","Vehicle image for demonstration purposes only. We make every effort to provide accurate information including but not limited to price, mileage, and vehicle options. This vehicle is part of The Hertz Corporations rental fleet and may currently be on rent and not immediately available for physical inspection or final sale. The vehicle mileage and price listed is an estimate and may change. Prior to any sale, the vehicle will go through pre-delivery inspection to ensure it meets our quality standards. Please verify all information with your local Hertz Car Sales location before visiting the location or purchasing. Estimated prices exclude all taxes, tag, title, registration fees, government fees, finance charge, dealer document processing charge, and any emission testing charge.","['Adaptive Cruise Control','Alloy Wheels','Bluetooth','Backup Camera','Remote Start','Blind Spot Monitoring','Heated Seats']","[PREMIUM]",,0,0,0,1,true,7,,,"t113048",33758,"m55","d2507","27603",463710,"DEALER","[PREMIUM]","[PREMIUM]",,,,,"[PREMIUM]","[PREMIUM]","[PREMIUM]","[PREMIUM]","[PREMIUM]",,"PAYING",,,"[PREMIUM]"
"444551640","2026-04-06 05:30:44.902","2026-04-18 18:34:35.309","444551640","[PREMIUM]","[PREMIUM]","[PREMIUM]",-261,"[PREMIUM]","FAIR_PRICE",29406,"USED","16669860",2025,"Jeep","Compass","Limited 4WD","crossover","Silver",,"8-Speed Automatic","Four-Wheel Drive","200 hp 2L I4","Gasoline",13.5,24,32,27.6,"4 doors","Vehicle image for demonstration purposes only. We make every effort to provide accurate information including but not limited to price, mileage, and vehicle options. This vehicle is part of The Hertz Corporations rental fleet and may currently be on rent and not immediately available for physical inspection or final sale. The vehicle mileage and price listed is an estimate and may change. Prior to any sale, the vehicle will go through pre-delivery inspection to ensure it meets our quality standards. Please verify all information with your local Hertz Car Sales location before visiting the location or purchasing. Estimated prices exclude all taxes, tag, title, registration fees, government fees, finance charge, dealer document processing charge, and any emission testing charge.","['Adaptive Cruise Control','Alloy Wheels','Bluetooth','Backup Camera','Blind Spot Monitoring','Heated Seats']","[PREMIUM]",16,12,12,0,1,true,6,,,"t111362",33516,"m32","d905","77094",462750,"DEALER","[PREMIUM]","[PREMIUM]",,,,,"[PREMIUM]","[PREMIUM]","[PREMIUM]","[PREMIUM]","[PREMIUM]",,"PAYING",,,"[PREMIUM]"
"444551695","2026-04-06 05:30:44.894","2026-04-06 05:30:44.894","444551695","[PREMIUM]","[PREMIUM]","[PREMIUM]",1218,"[PREMIUM]","GREAT_PRICE",28125,"USED","16572997",2025,"Kia","K4","LXS FWD","sedan","Blue",,"Automatic","Front-Wheel Drive","147 hp 2L I4","Gasoline",12.4,,,,"4 doors","Vehicle image for demonstration purposes only. We make every effort to provide accurate information including but not limited to price, mileage, and vehicle options. This vehicle is part of The Hertz Corporations rental fleet and may currently be on rent and not immediately available for physical inspection or final sale. The vehicle mileage and price listed is an estimate and may change. Prior to any sale, the vehicle will go through pre-delivery inspection to ensure it meets our quality standards. Please verify all information with your local Hertz Car Sales location before visiting the location or purchasing. Estimated prices exclude all taxes, tag, title, registration fees, government fees, finance charge, dealer document processing charge, and any emission testing charge.","['Bluetooth','Backup Camera','Blind Spot Monitoring','Adaptive Cruise Control','Alloy Wheels']","[PREMIUM]",,0,0,0,1,true,5,,,"t112181",33369,"m33","d3384","30260",463765,"DEALER","[PREMIUM]","[PREMIUM]",,,,,"[PREMIUM]","[PREMIUM]","[PREMIUM]","[PREMIUM]","[PREMIUM]",,"PAYING",,,"[PREMIUM]"
"444551621","2026-04-06 05:30:44.892","2026-04-06 05:30:44.892","444551621","[PREMIUM]","[PREMIUM]","[PREMIUM]",786,"[PREMIUM]","GREAT_PRICE",29636,"USED","16609428",2025,"Nissan","Altima","2.5 SV FWD","sedan","Black",,"Automatic","Front-Wheel Drive","188 hp 2.5L I4","Gasoline",16.2,27,38,31.95,"4 doors","Vehicle image for demonstration purposes only. We make every effort to provide accurate information including but not limited to price, mileage, and vehicle options. This vehicle is part of The Hertz Corporations rental fleet and may currently be on rent and not immediately available for physical inspection or final sale. The vehicle mileage and price listed is an estimate and may change. Prior to any sale, the vehicle will go through pre-delivery inspection to ensure it meets our quality standards. Please verify all information with your local Hertz Car Sales location before visiting the location or purchasing. Estimated prices exclude all taxes, tag, title, registration fees, government fees, finance charge, dealer document processing charge, and any emission testing charge.","['Bluetooth','Backup Camera','Remote Start','Blind Spot Monitoring','Alloy Wheels']","[PREMIUM]",,0,0,0,1,true,5,,,"t112136",33642,"m12","d237","95051",463706,"DEALER","[PREMIUM]","[PREMIUM]",,,,,"[PREMIUM]","[PREMIUM]","[PREMIUM]","[PREMIUM]","[PREMIUM]",,"PAYING",,,"[PREMIUM]"
"444551610","2026-04-06 05:30:44.892","2026-04-06 05:30:44.892","444551610","[PREMIUM]","[PREMIUM]","[PREMIUM]",187,"[PREMIUM]","GOOD_PRICE",30781,"USED","16493883",2025,"Nissan","Altima","2.5 SV FWD","sedan","Black",,"Automatic","Front-Wheel Drive","188 hp 2.5L I4","Gasoline",16.2,27,38,31.95,"4 doors","Vehicle image for demonstration purposes only. We make every effort to provide accurate information including but not limited to price, mileage, and vehicle options. This vehicle is part of The Hertz Corporations rental fleet and may currently be on rent and not immediately available for physical inspection or final sale. The vehicle mileage and price listed is an estimate and may change. Prior to any sale, the vehicle will go through pre-delivery inspection to ensure it meets our quality standards. Please verify all information with your local Hertz Car Sales location before visiting the location or purchasing. Estimated prices exclude all taxes, tag, title, registration fees, government fees, finance charge, dealer document processing charge, and any emission testing charge.","['Alloy Wheels','Bluetooth','Backup Camera','Remote Start','Blind Spot Monitoring']","[PREMIUM]",,0,0,0,1,true,5,,,"t112136",33642,"m12","d237","33928",462761,"DEALER","[PREMIUM]","[PREMIUM]",,,,,"[PREMIUM]","[PREMIUM]","[PREMIUM]","[PREMIUM]","[PREMIUM]",,"PAYING",,,"[PREMIUM]"
"444551685","2026-04-06 05:30:44.891","2026-04-06 05:30:44.891","444551685","[PREMIUM]","[PREMIUM]","[PREMIUM]",282,"[PREMIUM]","GOOD_PRICE",31717,"USED","16557841",2025,"Jeep","Wrangler","Sahara 4-Door 4WD","suv","Red",,"8-Speed Automatic","Four-Wheel Drive","270 hp 2L I4","Gasoline",21.5,20,22,20.9,"4 doors","Vehicle image for demonstration purposes only. We make every effort to provide accurate information including but not limited to price, mileage, and vehicle options. This vehicle is part of The Hertz Corporations rental fleet and may currently be on rent and not immediately available for physical inspection or final sale. The vehicle mileage and price listed is an estimate and may change. Prior to any sale, the vehicle will go through pre-delivery inspection to ensure it meets our quality standards. Please verify all information with your local Hertz Car Sales location before visiting the location or purchasing. Estimated prices exclude all taxes, tag, title, registration fees, government fees, finance charge, dealer document processing charge, and any emission testing charge.","['Adaptive Cruise Control','Alloy Wheels','Bluetooth','Backup Camera','Remote Start','Heated Seats']","[PREMIUM]",,0,0,0,1,true,6,,,"t112942",33695,"m32","d494","32822",462757,"DEALER","[PREMIUM]","[PREMIUM]",,,,,"[PREMIUM]","[PREMIUM]","[PREMIUM]","[PREMIUM]","[PREMIUM]",,"PAYING",5,1,"[PREMIUM]"
"444551638","2026-04-06 05:30:44.887","2026-04-09 19:24:29.510","444551638","[PREMIUM]","[PREMIUM]","[PREMIUM]",-1024,"[PREMIUM]","POOR_PRICE",32793,"USED","16669975",2025,"Jeep","Compass","Limited 4WD","crossover","White",,"8-Speed Automatic","Four-Wheel Drive","200 hp 2L I4","Gasoline",13.5,24,32,27.6,"4 doors","Vehicle image for demonstration purposes only. We make every effort to provide accurate information including but not limited to price, mileage, and vehicle options. This vehicle is part of The Hertz Corporations rental fleet and may currently be on rent and not immediately available for physical inspection or final sale. The vehicle mileage and price listed is an estimate and may change. Prior to any sale, the vehicle will go through pre-delivery inspection to ensure it meets our quality standards. Please verify all information with your local Hertz Car Sales location before visiting the location or purchasing. Estimated prices exclude all taxes, tag, title, registration fees, government fees, finance charge, dealer document processing charge, and any emission testing charge.","['Bluetooth','Backup Camera','Blind Spot Monitoring','Adaptive Cruise Control','Heated Seats','Alloy Wheels']","[PREMIUM]",16,3,3,0,1,true,6,,,"t111362",33516,"m32","d905","76021",462760,"DEALER","[PREMIUM]","[PREMIUM]",,,,,"[PREMIUM]","[PREMIUM]","[PREMIUM]","[PREMIUM]","[PREMIUM]",,"PAYING",,,"[PREMIUM]"
"444541536","2026-04-06 05:29:46.995","2026-04-10 23:42:25.952","444541536","[PREMIUM]","[PREMIUM]","[PREMIUM]",1465,"[PREMIUM]","GOOD_PRICE",839,"USED","260163A",2026,"Porsche","Macan","GTS AWD","crossover","Carrara White","Black","7-Speed Automatic","All-Wheel Drive","434 hp 2.9L V6","Gasoline",19.8,,,,"4 doors","2026 Porsche Macan GTS Carrara White Metallic, Leather Interior in Black, Premium Package Plus, Panoramic Roof System, Adaptive Sport Seats Plus (18-way) with Memory Package, Heated Seats (Rear), Ventilated Seats (Front), BOSE Surround Sound System, LED Headlights in Black incl. Porsche Dynamic Light System Plus (PDLS+), Lane Change Assist (LCA), Side Blades in Exterior Color, ""PORSCHE"" Logo in Satin Black and Model Designation in High Gloss Black on Rear, Exclusive Design Fuel Cap, Sport Chrono Package, 21"" GT Design Wheels in Satin Platinum, Instrument Dials in White, Deviated Stitching Interior Package - Orange, Heated GT Sport Steering Wheel in Leather, Electric Steering Column, Porsche Crest on Headrests (Front), Door-Sill Guards in Black Brushed Aluminum, Illuminated, Preparation for Deviated Stitching Interior Package, Internal Handling, Under Door Puddle Light Projectors, Surround View, Ionizer, Preparation for Porsche Dashcam. CARFAX One-Owner. Clean CARFAX. Recent Arrival! Certified. Porsche Approved Certified Pre-Owned Details:    * Transferable Warranty   * Roadside Assistance   * Warranty Deductible: $0   * Includes Trip Interruption reimbursement   * Multipoint Point Inspection   * Vehicle History   * Limited Warranty: 24 Month/Unlimited Mile beginning after new car warranty expires or from certified purchase date  Odometer is 4623 miles below market average! -Shop Online and Get Pre-Qualified from home. -Pricing does not include applicable state taxes, tags, processing fee of $995 -Our cars are pre-treated with Premier Protection Diamond Ceramic coating at an additional cost. ALL PRICES ARE NOT INCLUSIVE OF STATE TAXES, TAGS AND $995 DEALER PROCESSING FEE.[!@@Additional Info@@!]Navigation System,8-Way GTS Sport Seats with Memory Package,GTS Leather Package Seat Trim with Race-Tex,Sound Package Plus,8 Speakers,AM/FM radio: SiriusXM,Radio data system,Air Conditioning,Automatic temperature control,Front dual zone A/C,Rear air conditioning,Rear window defroster,Memory seat,Porsche Communication Management,Power driver seat,Power steering,Power windows,Remote keyless entry,Steering wheel mounted audio controls,Adaptive suspension,Four wheel independent suspension,Speed-sensing steering,Traction control,4-Wheel Disc Brakes,ABS brakes,Dual front impact airbags,Dual front side impact airbags,Emergency communication system,Front anti-roll bar,Low tire pressure warning,Occupant sensing airbag,Overhead airbag,Rear anti-roll bar,Rear side impact airbag,Power Liftgate,Brake assist,Electronic Stability Control,Exterior Parking Camera Rear,Delay-off headlights,Fully automatic headlights,Panic alarm,Security system,Speed control,Auto-dimming door mirrors,Bumpers: body-color,Heated door mirrors,Power door mirrors,Spoiler,Turn signal indicator mirrors,Apple CarPlay,Auto-dimming Rear-View mirror,Driver door bin,Driver vanity mirror,Front reading lights,Garage door transmitter: HomeLink,Illuminated entry,Leather Shift Knob,Leather steering wheel,Outside temperature display,Overhead console,Passenger vanity mirror,Rear reading lights,Rear seat center armrest,Sport steering wheel,Tachometer,Telescoping steering wheel,Tilt steering wheel,Trip computer,Front Bucket Seats,Front Center Armrest,Heated front seats,Power passenger seat,Split folding rear seat,Passenger door bin,Alloy wheels,Wheels: 21"" RS Spyder Design in Satin Black,Rain sensing wipers,Rear window wiper,Variably intermittent wipers,Carrara White Metallic,Leather Interior in Black,Premium Package Plus,Panoramic Roof System,Adaptive Sport Seats Plus (18-way) with Memory Package,Heated Seats (Rear),Ventilated Seats (Front),BOSE Surround Sound System,LED Headlights in Black incl. Porsche Dynamic Light System Plus (PDLS+),Lane Change Assist (LCA),Side Blades in Exterior Color,""PORSCHE"" Logo in Satin Black and Model Designation in High Gloss Black on Rear,Exclusive Design Fuel Cap,Sport Chrono Package,21"" GT Design Wheels in Satin Platinum,Instrument Dials in White,Deviated Stitching Interior Package - Orange,Heated GT Sport Steering Wheel in Leather,Electric Steering Column,Porsche Crest on Headrests (Front),Door-Sill Guards in Black Brushed Aluminum, Illuminated,Preparation for Deviated Stitching Interior Package,Internal Handling,Under Door Puddle Light Projectors,Surround View,Ionizer,Preparation for Porsche Dashcam","['Leather Seats','Navigation System','Adaptive Cruise Control','Alloy Wheels','Adaptive Suspension','Sport Chrono Package','Heat Package','Premium Package','Heated Seats','CarPlay','SE Package','Bluetooth','Memory Package','Backup Camera','Sound Package']","[PREMIUM]",19,5,5,0,,true,15,,,"t116416",34224,"m48","d2261","20151",443590,"DEALER","[PREMIUM]","[PREMIUM]","Chantilly","VA","20151","US","[PREMIUM]","[PREMIUM]","[PREMIUM]","[PREMIUM]","[PREMIUM]",true,"PAYING",4.857143,7,"[PREMIUM]"
