"_primaryKey","_firstSeenAt","_lastSeenAt","listingId","vin","price","expectedPrice","priceDifferential","dealScore","dealRatingKey","mileage","vehicleCondition","stockNumber","year","make","model","trim","bodyStyle","exteriorColor","interiorColor","transmission","drivetrain","engine","fuelType","fuelTankCapacity","mpgCity","mpgHighway","mpgCombined","numberOfDoors","description","options","images","imagesCount","daysAtDealer","daysOnMarket","accidentCount","ownerCount","hasVehicleHistoryReport","optionsCount","highLeverage","isNationwideShipper","entityId","carId","makeId","modelId","postalCode","sellerId","sellerType","sellerName","sellerStreet","sellerCity","sellerState","sellerPostalCode","sellerCountry","sellerLatitude","sellerLongitude","sellerPhone","sellerPhoneSMS","sellerWebsite","isFranchiseDealer","sellerSalesStatus","sellerRating","sellerReviewCount","listingUrl"
"454931460","2026-09-05 22:29:14.488","2026-09-05 22:29:14.488","454931460","[PREMIUM]","[PREMIUM]","[PREMIUM]",4869,"[PREMIUM]","GREAT_PRICE",21400,"USED","R294858",2024,"Cadillac","Escalade","Sport Platinum 4WD","suv","Black","Black","Automatic","Four-Wheel Drive","277 hp 3L I6 Diesel","Diesel",24,20,26,22.7,"4 doors","HGreg.com has redefined the car buying experience by putting you in total control with upfront wholesale prices, flexible financing options, and a 5-Day/500 Mile Exchange Policy. Our lots are packed with thousands of vehicles for every lifestyle and budget. If you're ready to see how easy the car buying process should be, call now! Priced THOUSANDS below KBB!! With locations in Miami, Orlando, Kendall, West Palm Beach, Tampa and Houston, HGreg.com is the FASTEST GROWING automotive group in North America.Black Raven 2024 Cadillac Escalade Sport Platinum AWD 10-Speed Automatic with Overdrive 3.0L I6 AWD, Jet Black w/Leather Seating Surfaces w/Precision Perf Inserts, Adaptive Cruise Control, Air Ride Adaptive Suspension, AKG Studio Reference 36-Speaker Audio System, Automatic Seat Belt Tightening, Body-Color Door Handles, Door Lock & Latch Shields, Electronic Limited-Slip Differential, Enhanced Automatic Emergency Braking, Enhanced Automatic Parking Assist, Floor Console w/Covered Storage, Front Auxiliary 12-volt Power Outlet, Glass Breakage Sensor, Heated & Ventilated Driver & Front Passenger Seats, Hitch Guidance w/Hitch View, Illuminating Front & Rear Sill Plates, Integrated Trailer Brake Controller, Platinum Interior Trim, Power Lumbar Massage Driver Seat, Power Lumbar Massage Front Passenger Seat, Power Panoramic Tilt-Sliding Sunroof, Preferred Equipment Group 1SH, Rear Camera Mirror, Rear Camera Mirror Washer, Rear Cross Traffic Alert, Rear Seat Entertainment System, Reconfigurable Full-Color Head-Up Display, Reverse Automatic Braking, Running Board Assist Steps, Smart Trailer Integration Indicator, Soft Closing Front & Rear Doors, Theft-Deterrent Alarm System, Touring Package, Trailer Side Blind Zone Alert, Vehicle Inclination Sensor, Vehicle Interior Movement Sensor, 1.5 kW Heater/Defrost Air System, 16.9"" Diagonal OLED Infotainment Screen, 2-Presets Memory For Driver Seat Adjuster, 3.23 Axle Ratio, 3rd row seats: split-bench, 4-Way Power Driver Lumbar Seat Adjuster, 4-Way Power Front Passenger Lumbar Seat Adjuster, 4-Wheel Disc Brakes, 8-Way Power Driver Seat Adjuster, 8-Way Power Front Passenger Seat Adjuster, A/V remote, ABS brakes, Adaptive suspension, Air Conditioning, Alloy wheels, AM/FM radio: SiriusXM with 360L, Apple CarPlay/Android Auto, Audio memory, Auto High-beam Headlights, Auto tilt-away steering wheel, Auto-dimming door mirrors, Auto-dimming Rear-View mirror, Automatic temperature control, Brake assist, Bumpers: body-color, Compass, Delay-off headlights, Delete External Engine Oil Cooler, Door auto-latch, Driver door bin, Driver vanity mirror, Dual front impact airbags, Dual front side impact airbags, Electronic Stability Control, Emergency communication system: OnStar and Cadillac connected services capable, Engine Block Heater, Exterior Parking Camera Rear, Four wheel independent suspension, Front anti-roll bar, Front Bucket Seats, Front Center Armrest w/Storage, Front dual zone A/C, Front reading lights, Full Semi-Aniline Leather Seat Trim, Fully automatic headlights, Garage door transmitter, Genuine wood console insert, Genuine wood dashboard insert, Genuine wood door panel insert, HD Radio, Headphones, Heads-Up Display, Heated door mirrors, Heated Driver & Front Passenger Seats, Heated front seats, Heated rear seats, Heated steering wheel, Illuminated entry, Leather steering wheel, Low tire pressure warning, Magnetic Ride Control Suspension, Memory seat, Navigation System, Occupant sensing airbag, Outside temperature display, Overhead airbag, Overhead console, Panic alarm, PANORAMA SUNROOF, Passenger door bin, Passenger vanity mirror, Power door mirrors, Power driver seat, Power Liftgate, Power passenger seat, Power steering, Power windows, Radio data system, Radio: AM/FM w/Navigation, Rain sensing wipers, Rear air conditioning, Rear anti-roll bar, Rear audio controls, Rear reading lights, Rear window defroster, Rear window wiper, Remote keyless entry, Security system, SiriusXM w/360L, Speed c[!@@Additional Info@@!]ENGINE  DURAMAX 3.0L TURBO DIESEL  (277 hp [206.6 kW] @ 3750 rpm  460 lb-ft of torque [623.7 N-m] @ 1500 rpm),Active Suspension,Keyless Start,Locking/Limited Slip Differential,Four Wheel Drive,Tow Hitch,Back-Up Camera,Air Suspension,Active Suspension,Power Steering,ABS,4-Wheel Disc Brakes,Aluminum Wheels,Wheel Locks,Tires - Front Performance,Tires - Rear Performance,Tires - Front All-Season,Tires - Rear All-Season,Sun/Moonroof,Generic Sun/Moonroof,Panoramic Roof,Luggage Rack,Running Boards/Side Steps,Automatic Headlights,Automatic Highbeams,Heated Mirrors,Power Mirror(s),Integrated Turn Signal Mirrors,Power Folding Mirrors,Privacy Glass,Intermittent Wipers,Variable Speed Intermittent Wipers,Rain Sensing Wipers,Remote Trunk Release,Power Liftgate,Hands-Free Liftgate,AM/FM Stereo,Navigation System,Satellite Radio,MP3 Capability,Bluetooth Connection,Auxiliary Audio Input,Smart Device Integration,Driver Restriction Features,Requires Subscription,Satellite Radio,Requires Subscription,HD Radio,Premium Sound System,Entertainment System,Bluetooth Connection,WiFi Hotspot,Bluetooth Connection,Smart Device Integration,MP3 Capability,Bluetooth Connection,Auxiliary Audio Input,Leather Seats,Bucket Seats,Seat-Massage,Bucket Seats,Rear Bucket Seats,Leather Seats,Heated Front Seat(s),Heated Front Seat(s),Cooled Front Seat(s),Heated Rear Seat(s),Power Driver Seat,Power Passenger Seat,Driver Adjustable Lumbar,Passenger Adjustable Lumbar,Driver Adjustable Lumbar,Seat-Massage,Passenger Adjustable Lumbar,Seat-Massage,Adjustable Steering Wheel,Mirror Memory,Seat Memory,3rd Row Seat,Pass-Through Rear Seat,Climate Control,A/C,Rear A/C,Heated Rear Seat(s),Floor Mats,Adjustable Steering Wheel,Heated Steering Wheel,Cruise Control,Steering Wheel Audio Controls,Leather Steering Wheel,Cruise Control,Steering Wheel Audio Controls,Heated Steering Wheel,Heads-Up Display,Power Windows,Power Door Locks,Keyless Entry,Power Door Locks,Remote Engine Start,Universal Garage Door Opener,Cruise Control,Telematics,Lane Departure Warning,Lane Keeping Assist,Adaptive Cruise Control,Requires Subscription,Cruise Control Steering Assist,Driver Monitoring,Cruise Control,Adaptive Cruise Control,Security System,Security System,Immobilizer,Security System,Climate Control,Multi-Zone A/C,A/C,Rear A/C,A/C,Rear A/C,Rear Defrost,Back-Up Camera,Brake Assist,Brake Assist,Front Collision Mitigation,Front Collision Warning,Rear Collision Mitigation,Front Collision Mitigation,Traction Control,Stability Control,Driver Air Bag,Passenger Air Bag,Front Side Air Bag,Front Head Air Bag,Rear Head Air Bag,Passenger Air Bag Sensor,Telematics,Requires Subscription,Rear Parking Aid,Automatic Parking,Back-Up Camera,Aerial View Display System,Back-Up Camera,Aerial View Display System,Blind Spot Monitor,Cross-Traffic Alert,Lane Departure Warning,Lane Keeping Assist,Front Collision Warning,Child Safety Locks,Driver Restriction Features,Tire Pressure Monitor,Telematics,Requires Subscription","['Leather Seats','Sunroof/Moonroof','Navigation System','Adaptive Cruise Control','Alloy Wheels','Third Row Seating','Adaptive Suspension','Trailer Package','Blind Spot Monitoring','Parking Sensors','Heated Seats','Android Auto','CarPlay','Bluetooth','Backup Camera','Remote Start']","[PREMIUM]",40,15,35,0,1,true,16,true,,"t109690",33267,"m22","d142","33415",436970,"DEALER","[PREMIUM]","[PREMIUM]","West Palm Beach","FL","33415","US","[PREMIUM]","[PREMIUM]","[PREMIUM]","[PREMIUM]","[PREMIUM]",,"PAYING",3,75,"[PREMIUM]"
"458075957","2026-09-05 21:14:11.917","2026-09-16 02:40:29.955","458075957","[PREMIUM]","[PREMIUM]","[PREMIUM]",14692,"[PREMIUM]","GOOD_PRICE",5029,"CPO","77RU218781P",2024,"Rolls-Royce","Spectre","AWD","coupe","Green","Cashmere Gray","1-Speed Automatic","All-Wheel Drive"," Electric","Electric",,,,,"2 doors","This stunning 2024 Rolls-Royce Spectre Base combines iconic luxury with cutting-edge electric motor technology. Finished in striking green, this meticulously maintained vehicle showcases the pinnacle of bespoke craftsmanship and sophisticated engineering. With just over 5,000 miles, this ultra-low-mileage example represents an extraordinary opportunity to own a modern masterpiece of luxury automotive design.  - Starlight Doors with illuminated entry system - Rolls-Royce Bespoke Audio with 18 speakers - Heated passenger surround and lambswool footmats - Leather finishing pack with contrast seat piping and colored stitching - VIN plaque and Indulge Bespoke Clock - RR monogram headrests with 2-tone steering wheel - 23"" 7-spoke polished wheels with Polished Stainless Steel Package - Heated front and rear seats with power adjustments - Navigation System with rear parking camera - Electronic Stability Control with adaptive suspension  This certified pre-owned Spectre arrives in pristine condition, backed by Rolls-Royce Provenance certification. Every detail reflects meticulous care and attention to the exacting standards demanded by this exceptional marque.  - Multipoint Inspection - Roadside Assistance - Warranty Deductible: $0 - Transferable Warranty - Vehicle History - Limited Warranty Up to 24 Months, Unlimited Mileage. No limitations to the vehicle Model Year age (from MY04 onward) & 100,000 miles & clean CarFax are required for the program  Experience the uncompromising refinement this vehicle offers. Schedule your private appointment today to discover why the Spectre represents the future of luxury motoring.[!@@Additional Info@@!]Navigation System,18 Speakers,AM/FM radio: SiriusXM,CD player,DVD-Audio,Radio data system,Radio: AM/FM/CD/MP3 Satellite Audio System,Weather band radio,Air Conditioning,Front dual zone A/C,Rear air conditioning,Rear dual zone A/C,Rear window defroster,Memory seat,Power driver seat,Power steering,Power windows,Remote keyless entry,Steering wheel memory,Steering wheel mounted audio controls,Adaptive suspension,Auto-leveling suspension,Four wheel independent suspension,Speed-sensing steering,Traction control,4-Wheel Disc Brakes,ABS brakes,Anti-whiplash front head restraints,Dual front impact airbags,Dual front side impact airbags,Emergency communication system: Rolls-Royce Assist,Front anti-roll bar,Knee airbag,Low tire pressure warning,Occupant sensing airbag,Overhead airbag,Rear anti-roll bar,Brake assist,Electronic Stability Control,Lane Departure Warning System,Exterior Parking Camera Rear,Delay-off headlights,Headlight cleaning,Night vision lights,Panic alarm,Security system,Speed control,Auto-dimming door mirrors,Bumpers: body-color,Heated door mirrors,Power door mirrors,Auto tilt-away steering wheel,Auto-dimming Rear-View mirror,Compass,Driver door bin,Driver vanity mirror,Front reading lights,Garage door transmitter,Genuine wood console insert,Genuine wood dashboard insert,Illuminated entry,Leather steering wheel,Outside temperature display,Overhead console,Passenger vanity mirror,Rear reading lights,Rear seat center armrest,Telescoping steering wheel,Tilt steering wheel,Trip computer,Front Bucket Seats,Heated front seats,Heated rear seats,Leather Seat Trim,Power passenger seat,Front Center Armrest w/Storage,Passenger door bin,Alloy wheels,Wheels: 22"" 7 Spoke Aero Part Polished,Rain sensing wipers,Variably intermittent wipers","['Leather Seats','Navigation System','Adaptive Cruise Control','Alloy Wheels','Bluetooth','Adaptive Suspension','Backup Camera','Blind Spot Monitoring','Heat Package','Heated Seats']","[PREMIUM]",70,11,12,0,1,true,10,,true,"t106641",32808,"m49","d3319","43017",431298,"DEALER","[PREMIUM]","[PREMIUM]","Dublin","OH","43017","US","[PREMIUM]","[PREMIUM]","[PREMIUM]","[PREMIUM]","[PREMIUM]",true,"PAYING",,,"[PREMIUM]"
"452747890","2026-09-05 17:33:38.867","2026-09-05 17:33:38.867","452747890","[PREMIUM]","[PREMIUM]","[PREMIUM]",2017,"[PREMIUM]","GREAT_PRICE",22675,"USED","AV39909",2025,"Toyota","Tacoma","SR","pickup_truck","Ice Cap","Black","Automatic","Four-Wheel Drive","228 hp 2.4L I4","Gasoline",18.2,19,24,21.25,"4 doors","Why BUY from Audi Atlanta? Shop with Audi Atlanta today for transparent pricing, a no-pressure buying experience, and award-winning service - trusted in Atlanta since 1983.   When you choose this 2025 Toyota Tacoma SR with 22,669 miles, you are not just buying a Pre-Owned vehicle - you are investing in quality, reliability and peace of mind.    No Accidents!     One Owner!    Built to tackle tough jobs and weekend adventures alike, this rugged midsize pickup combines a turbocharged i-FORCE engine with dependable four-wheel drive and modern technology. Its durable design, impressive towing capability, and advanced Toyota Safety Sense suite make it a capable companion both on and off the pavement.  Key Features:  2.4L Turbocharged i-FORCE Engine Part-Time 4WD with Class IV Tow Package Toyota Safety Sense Driver Assistance Suite 17 Alloy Wheels Apple CarPlay® & Android Auto Compatibility Dynamic Radar Cruise Control & Lane Tracing Assist Composite 5-Foot Bed with Trailer Wiring Harness  Come on in to Audi Atlanta today at 5805 Peachtree Boulevard Atlanta GA 30341 or call  to schedule a test drive!  Inventory turns quickly. Please contact us to confirm availability. Vehicles may be sold at any time. To accommodate travel, a partial payment and signed agreement can secure a limited holding window for inspection and completion of purchase.[!@@Additional Info@@!]Engine: 2.4L 4-Cylinder Turbocharged i-FORCE|3.583 Axle Ratio|GVWR: 6,005 lbs|Electronic Transfer Case|Part-Time Four-Wheel Drive|Battery w/Run Down Protection|Trailer Wiring Harness|Class IV Towing Equipment -inc: Hitch and Trailer Sway Control|1500# Maximum Payload|Gas-Pressurized Shock Absorbers|Front Anti-Roll Bar|Electric Power-Assist Speed-Sensing Steering|18.2 Gal. Fuel Tank|Single Stainless Steel Exhaust|Auto Locking Hubs|Double Wishbone Front Suspension w/Coil Springs|Solid Axle Rear Suspension w/Leaf Springs|4-Wheel Disc Brakes w/4-Wheel ABS, Front And Rear Vented Discs, Brake Assist, Hill Hold Control and Electric Parking Brake|Wheels: 17"" Styled Alloy|Tires: 245/70R17|Regular Composite Box Style|Steel Spare Wheel|Compact Spare Tire Stored Underbody w/Crankdown|Black Rear Step Bumper w/Black Rub Strip/Fascia Accent|Body-Colored Fender Flares|Black Side Windows Trim, Black Front Windshield Trim and Black Rear Window Trim|Black Door Handles|Black Power Heated Side Mirrors w/Manual Folding|Fixed Rear Window w/Defroster|Deep Tinted Glass|Variable Intermittent Wipers|Galvanized Steel/Aluminum Panels|Black grille|Tailgate Rear Cargo Access|Manual-Leveling Auto On/Off Projector Beam Led Low/High Beam Daytime Running Auto High-Beam Headlamps|Cargo Lamp w/High Mount Stop Light|LED Brakelights|Headlights-Automatic Highbeams|Streaming Audio|Integrated Roof Antenna|6 Speakers|Bluetooth Wireless Phone Connectivity|2 LCD Monitors In The Front|Front Bucket Seats -inc: 6-way manual driver and front passenger seats and 2-way manually adjustable lumbar support on driver's seat only|Passenger Seat|60-40 Folding Split-Bench Front Facing Flip Forward Cushion/Seatback Rear Seat|Manual Tilt/Telescoping Steering Column|Wi-Fi Connect with 30-day or up to 3GB trial subscription Mobile Hotspot Internet Access|Front Cupholder|Rear Cupholder|Remote Releases -Inc: Mechanical Fuel|Cruise Control w/Steering Wheel Controls|Full-Speed Range Dynamic Radar Cruise Control (DRCC)|Manual Air Conditioning|HVAC -inc: Underseat Ducts|Locking glove box|Driver foot rest|Interior Trim -inc: Metal-Look Interior Accents|Full Cloth Headliner|Cloth Door Trim Insert|Urethane Gear Shifter Material|Day-Night Rearview Mirror|Vanity w/Driver And Passenger Auxiliary Mirror|Full Floor Console w/Covered Storage, Mini Overhead Console w/Storage and 2 12V DC Power Outlets|Front Map Lights|Fade-To-Off Interior Lighting|Full Carpet Floor Covering|Cab Mounted Cargo Lights|Safety Connect (up to 10-year trial subscription) Tracker System|Instrument Panel Bin, Interior Concealed Storage, Driver / Passenger And Rear Door Bins and 2nd Row Underseat Storage|Delayed Accessory Power|Driver Information Center|Redundant Digital Speedometer|Outside Temp Gauge|Digital/Analog Appearance|Front Center Armrest|Manual Anti-Whiplash Adjustable Front Head Restraints and Manual Adjustable Rear Head Restraints|Immobilizer|2 12V DC Power Outlets|Air Filtration|Cruise Control-Steering Assist|Side Impact Beams|Dual Stage Driver And Passenger Seat-Mounted Side Airbags|Toyota Safety Sense P (TSS-P)|Collision Mitigation-Front|Low Tire Pressure Warning|Dual Stage Driver And Passenger Front Airbags|Airbag Occupancy Sensor|Driver And Passenger Knee Airbag|Curtain 1st And 2nd Row Airbags|Rear child safety locks|Outboard Front Lap And Shoulder Safety Belts -inc: Rear Center 3 Point, Height Adjusters and Pretensioners|Back-Up Camera","['Navigation System','Adaptive Cruise Control','Alloy Wheels','Bluetooth','Backup Camera','Tow Package','Android Auto','CarPlay']","[PREMIUM]",34,60,60,0,1,true,8,,,"t113610",33816,"m7","d311","30341",285971,"DEALER","[PREMIUM]","[PREMIUM]","Atlanta","GA","30341","US","[PREMIUM]","[PREMIUM]","[PREMIUM]","[PREMIUM]","[PREMIUM]",true,"PAYING",0,0,"[PREMIUM]"
"458046544","2026-09-05 17:33:38.855","2026-09-13 20:11:52.490","458046544","[PREMIUM]","[PREMIUM]","[PREMIUM]",171,"[PREMIUM]","GOOD_PRICE",28435,"USED","51814",2025,"Jeep","Compass","Trailhawk 4WD","crossover","White",,"Automatic","Four-Wheel Drive","200 hp 2L I4","Gasoline",13.5,24,32,27.6,"4 doors","At Hertz Car Sales, view our thousands of vehicles with pricing often below market value! Take advantage of no-haggle pricing, our 7 day/250 mile Buy Back Guarantee, as well as a standard 12mth/12K mile limited powertrain warranty on every Certified vehicle. We have financing options for almost every budget and can provide competitive trade-in appraisals at our location. We have additional protection products available to protect your investment, and can ship your car to your door! Contact us today to find out more!Recent Arrival! Certified. 4WD. Bright White Clearcoat 2025 Jeep Compass Trailhawk 4WD 8-Speed Automatic 2.0L I4 DOHCOdometer is 9948 miles below market average! 24/32 City/Highway MPGCertification Program Details: At Hertz Car Sales every retail vehicle undergoes an inspection process to make sure they meet quality standards. Also, all our vehicles come with a free Auto check vehicle history report. Visit us at hertzcarsales.com/nashville or call us at 615-645-0688.*Price excludes government fees and taxes, any finance charges, any electronic filing charge, and any emission testing charge. The price includes a dealer document preparation charge of $698.[!@@Additional Info@@!]Engine: 2.0l i4 dohc di turbo w/ess,Transmission: 8-speed automatic 8f30,Quick order package 29e Engine: 2.0L I4 DOHC DI Turbo w/ESS  Transmission: 8-Speed Automatic 8F30,Tu-tone paint group,Bright white clearcoat,Black clearcoat,Ruby red/black  Premium cloth/leather trim bucket seats,Black Power Heated Side Mirrors w/Manual Folding and Turn Signal Indicator,Leather Steering Wheel,Leather/Metal-Look Gear Shifter Material,4-Wheel Disc Brakes w/4-Wheel ABS  Front Vented Discs  Brake Assist  Hill Descent Control  Hill Hold Control and Electric Parking Brake,Blind Spot Detection Blind Spot,Tire Specific Low Tire Pressure Warning,Uconnect w/Bluetooth Wireless Phone Connectivity","['Leather Seats','Adaptive Cruise Control','Alloy Wheels','Bluetooth','Backup Camera','Blind Spot Monitoring','Quick Order Package']","[PREMIUM]",41,9,9,0,1,true,7,,,"t111358",33516,"m32","d905","37217",365597,"DEALER","[PREMIUM]","[PREMIUM]","Nashville","TN","37217","US","[PREMIUM]","[PREMIUM]","[PREMIUM]","[PREMIUM]","[PREMIUM]",,"PAYING",1,1,"[PREMIUM]"
"457725733","2026-09-05 17:33:37.101","2026-09-17 00:34:33.302","457725733","[PREMIUM]","[PREMIUM]","[PREMIUM]",-945,"[PREMIUM]","POOR_PRICE",23412,"USED","R24089",2025,"Hyundai","Venue","SEL FWD","crossover","Lunar White","Gray","Continuously Variable Transmission","Front-Wheel Drive","121 hp 1.6L I4","Gasoline",11.9,29,32,30.35,"4 doors","Meet the 2025 Hyundai Venue SEL, a compact and efficient vehicle designed for modern drivers who value practicality and style. This white sedan delivers responsive performance with its four-cylinder engine and CVT transmission, achieving an impressive 29 city and 32 highway MPG. With just over 23,000 miles, this Venue is practically new and ready to make a great addition to your daily commute or weekend adventures.  Key Features: - Auto High-beam Headlights - Apple CarPlay & Android Auto - Front Bucket Seats - Security System - Leather Steering Wheel - Automatic Temperature Control - Electronic Stability Control - Power Windows and Doors - 17"" Alloy Wheels - Dual Front Airbags  The Venue SEL comes equipped with thoughtful comfort and convenience features that enhance every drive. Enjoy seamless smartphone integration through Apple CarPlay and Android Auto, keeping you connected safely. The leather-trimmed steering wheel and comfortable front bucket seats create an inviting cabin, while automatic temperature control maintains your preferred climate. Advanced safety technology including electronic stability control and multiple airbags work together to keep you protected. Remote keyless entry, power windows, and automatic headlights add everyday convenience.  This well-maintained vehicle combines fuel efficiency with reliability, making it an excellent choice for budget-conscious buyers seeking quality. Don't miss the opportunity to drive home in this practical and stylish compact sedan. Visit us today to take the 2025 Hyundai Venue SEL for a test drive.[!@@Additional Info@@!]Option Group 01,6 Speakers,Air Conditioning,Automatic temperature control,Rear window defroster,Power steering,Power windows,Remote keyless entry,Steering wheel mounted audio controls,Speed-sensing steering,Traction control,4-Wheel Disc Brakes,ABS brakes,Dual front impact airbags,Dual front side impact airbags,Front anti-roll bar,Front wheel independent suspension,Low tire pressure warning,Occupant sensing airbag,Overhead airbag,Brake assist,Electronic Stability Control,Auto High-beam Headlights,Delay-off headlights,Fully automatic headlights,Panic alarm,Security system,Speed control,Bumpers: body-color,Power door mirrors,Spoiler,Apple CarPlay & Android Auto,Driver door bin,Driver vanity mirror,Front reading lights,Illuminated entry,Leather Shift Knob,Leather steering wheel,Outside temperature display,Overhead console,Passenger vanity mirror,Tachometer,Telescoping steering wheel,Tilt steering wheel,Trip computer,Front Bucket Seats,Front Center Armrest,Split folding rear seat,Passenger door bin,6.5J x 17"" Alloy Wheels,Alloy wheels,Rear window wiper,Variably intermittent wipers","['Sunroof/Moonroof','Alloy Wheels','Bluetooth','Backup Camera','Blind Spot Monitoring','Android Auto','CarPlay']","[PREMIUM]",3,15,16,0,1,true,7,,,"t112920",33742,"m28","d2882","95841",47710,"DEALER","[PREMIUM]","[PREMIUM]","Sacramento","CA","95841","US","[PREMIUM]","[PREMIUM]","[PREMIUM]","[PREMIUM]","[PREMIUM]",true,"PAYING",3.4,5,"[PREMIUM]"
"457597461","2026-09-05 17:33:36.927","2026-09-08 20:35:58.201","457597461","[PREMIUM]","[PREMIUM]","[PREMIUM]",-2349,"[PREMIUM]","OVERPRICED",22371,"USED","R36015",2025,"Hyundai","Venue","SEL FWD","crossover","Ecotronic Gray","Black","Continuously Variable Transmission","Front-Wheel Drive","121 hp 1.6L I4","Gasoline",11.9,29,32,30.35,"4 doors","***LOW MILES***, ***CLEAN CARFAX***, ***ONE OWNER CARFAX***, ***CERTIFIED***. 29/32 City/Highway MPG  Odometer is 2478 miles below market average!   CARFAX One-Owner. Clean CARFAX.   We are committed to treating Customers and Employees as Valued Members of the FUTURE AUTOMOTIVE GROUP Family. We will always provide the Highest Quality Products and Services, Exceed Expectations, build lifelong relationships, and continuously improve all aspects of our profession. Experience the Future difference for yourself and see why The Future Automotive Group is the premier Automotive Group in Northern California.[!@@Additional Info@@!]Option Group 01,6 Speakers,Air Conditioning,Automatic temperature control,Rear window defroster,Power steering,Power windows,Remote keyless entry,Steering wheel mounted audio controls,Speed-sensing steering,Traction control,4-Wheel Disc Brakes,ABS brakes,Dual front impact airbags,Dual front side impact airbags,Front anti-roll bar,Front wheel independent suspension,Low tire pressure warning,Occupant sensing airbag,Overhead airbag,Brake assist,Electronic Stability Control,Auto High-beam Headlights,Delay-off headlights,Fully automatic headlights,Panic alarm,Security system,Speed control,Bumpers: body-color,Power door mirrors,Spoiler,Apple CarPlay & Android Auto,Driver door bin,Driver vanity mirror,Front reading lights,Illuminated entry,Leather Shift Knob,Leather steering wheel,Outside temperature display,Overhead console,Passenger vanity mirror,Tachometer,Telescoping steering wheel,Tilt steering wheel,Trip computer,Front Bucket Seats,Front Center Armrest,Split folding rear seat,Passenger door bin,6.5J x 17"" Alloy Wheels,Alloy wheels,Rear window wiper,Variably intermittent wipers,***LOW MILES***,***CLEAN CARFAX***,***ONE OWNER CARFAX***,***CERTIFIED***","['Sunroof/Moonroof','Alloy Wheels','Bluetooth','Backup Camera','Blind Spot Monitoring','Android Auto','CarPlay']","[PREMIUM]",,8,8,1,1,true,7,,,"t112920",33742,"m28","d2882","95661",97656,"DEALER","[PREMIUM]","[PREMIUM]","Roseville","CA","95661","US","[PREMIUM]","[PREMIUM]","[PREMIUM]","[PREMIUM]","[PREMIUM]",true,"AVAILABLE",5,3,"[PREMIUM]"
"458037006","2026-09-05 06:29:06.659","2026-09-05 06:29:06.659","458037006","[PREMIUM]","[PREMIUM]","[PREMIUM]",361,"[PREMIUM]","FAIR_PRICE",21083,"USED","29158566",2024,"Nissan","Altima","2.5 SV FWD","sedan","White","Black","Automatic","Front-Wheel Drive","188 hp 2.5L I4","Gasoline",16.2,27,38,31.95,"4 doors","Wanna drive? CarMax puts you in the driver's seat-and that includes transparency and pricing without document or processing fees. Certain cars may have unrepaired safety recalls, so check nhtsa.gov/recalls to find out if this vehicle has any unrepaired safety recalls. With this information and more, you're empowered to drive the when, the where, and the how of your experience. At CarMax, you can shop your way, whether that's online, in-store, or a combination of both, and we stand behind every used car we sell with a 10-day money back guarantee. See store and carmax.com for details. Price excludes state and local taxes, title, registration, tags, and any optional products or services. Price assumes that final purchase will be made in the State of VA, unless vehicle is non-transferable. Vehicle subject to prior sale. Applicable transfer fees are due in advance of vehicle delivery and are separate from sales transactions. Limited warranty is 30 days. See store for details. We make every effort to provide accurate information, but please verify before purchasing. Inventory shown here is updated every 24 hours. Prior Use: Fleet[!@@Additional Info@@!]Premium Package|Sunroof(s)|Parking Sensors|Rear View Camera|Navigation System|Front Seat Heaters|Auxiliary Audio Input|Alloy Wheels|Overhead Airbags|Traction Control|Side Airbags|Air Conditioning|ABS Brakes|Power Locks|Power Mirrors|AM/FM Stereo|Satellite Radio Ready|Rear Defroster|Power Windows|Cloth Seats|Automatic Transmission|Power Seat(s)|Bluetooth Technology|Blind Spot Monitor|Smart Key|Remote Start|Apple CarPlay|Android Auto|Automated Cruise Control|SiriusXM Trial Available|WiFi Hotspot|Driver Adjustable Lumbar|Automatic Highbeams|Daytime Running Lights","['Sunroof/Moonroof','Navigation System','Alloy Wheels','Bluetooth','Backup Camera','Remote Start','Blind Spot Monitoring','Parking Sensors','Premium Package','Android Auto','CarPlay']","[PREMIUM]",29,1,1,0,1,true,11,,,"t106652",32813,"m12","d237","23608",275208,"DEALER","[PREMIUM]","[PREMIUM]","Newport News","VA","23608","US","[PREMIUM]","[PREMIUM]","[PREMIUM]","[PREMIUM]","[PREMIUM]",,"PAYING",2.6,5,"[PREMIUM]"
"458036688","2026-09-05 06:29:06.610","2026-09-05 06:29:06.610","458036688","[PREMIUM]","[PREMIUM]","[PREMIUM]",236,"[PREMIUM]","FAIR_PRICE",53293,"USED","29096098",2024,"Nissan","Rogue","S AWD","crossover","Silver","Black","Automatic","All-Wheel Drive","201 hp 1.5L I3","Gasoline",14.5,28,35,31.15,"4 doors","Wanna drive? CarMax puts you in the driver's seat-and that includes transparency and pricing without document or processing fees. Certain cars may have unrepaired safety recalls, so check nhtsa.gov/recalls to find out if this vehicle has any unrepaired safety recalls. With this information and more, you're empowered to drive the when, the where, and the how of your experience. At CarMax, you can shop your way, whether that's online, in-store, or a combination of both, and we stand behind every used car we sell with a 10-day money back guarantee. See store and carmax.com for details. Price excludes state and local taxes, title, registration, tags, and any optional products or services. Price assumes that final purchase will be made in the State of NC, unless vehicle is non-transferable. Vehicle subject to prior sale. Applicable transfer fees are due in advance of vehicle delivery and are separate from sales transactions. Limited warranty is 30 days. See store for details. We make every effort to provide accurate information, but please verify before purchasing. Inventory shown here is updated every 24 hours. Prior Use: Fleet|Rental[!@@Additional Info@@!]4WD/AWD|Turbo Charged Engine|Satellite Radio Ready|Parking Sensors|Rear View Camera|Auxiliary Audio Input|Cruise Control|Alloy Wheels|Overhead Airbags|Traction Control|Side Airbags|AM/FM Stereo|Rear Defroster|Air Conditioning|Power Windows|ABS Brakes|Power Locks|Power Mirrors|Cloth Seats|Automatic Transmission|Android Auto|Lane Departure Warning|Apple CarPlay|Blind Spot Monitor|Bluetooth Technology|SiriusXM Trial Available|Automatic Highbeams|Daytime Running Lights","['Alloy Wheels','Bluetooth','Backup Camera','Blind Spot Monitoring','Parking Sensors','Android Auto','CarPlay']","[PREMIUM]",28,1,1,0,1,true,7,,,"t108096",33039,"m12","d1047","28227",275415,"DEALER","[PREMIUM]","[PREMIUM]","Charlotte","NC","28227","US","[PREMIUM]","[PREMIUM]","[PREMIUM]","[PREMIUM]","[PREMIUM]",,"PAYING",3.5714285,7,"[PREMIUM]"
"458040604","2026-09-05 06:29:06.545","2026-09-05 06:29:06.545","458040604","[PREMIUM]","[PREMIUM]","[PREMIUM]",,"[PREMIUM]","NA",28112,"USED","038228",2024,"Honda","Odyssey","Touring FWD","minivan","White","Brown (Beige)","Automatic","Front-Wheel Drive","280 hp 3.5L V6","Gasoline",19.5,19,28,23.05,"4 doors","[!@@Additional Info@@!]Knee Air Bags,V6 i-VTEC 3.5 Liter,HondaLink,Adaptive Cruise Control,Automatic 10-Spd,SiriusXM Satellite,Lane Departure Warning System,Bluetooth Wireless,Air Conditioning,AM/FM/HD Radio,Stability Control,FWD,Fog Lights,ABS (4-Wheel),Roof Spoiler,Heated Seats,Air Conditioning Rear,Daytime Running Lights,Side Air Bags,Push Button Start,Dual Air Bags,Alloy Wheels,F&R Head Curtain Air Bags,Power Windows,Power Door Locks,Dual Power Seats,Third Row Seat,Navigation System,Leather,Tilt & Telescoping Wheel,Security System,Blind-Spot Information System,8-Passenger Seating,Multi-View Camera,Hill Start Assist,LED Headlamps,Power Steering,Collision Warning System,DVD System,Keyless Entry,Moon Roof,Power Tailgate Release,F&R Parking Sensors,Power Sliding Doors,Traction Control","['Leather Seats','Sunroof/Moonroof','Navigation System','Adaptive Cruise Control','Alloy Wheels','Third Row Seating','Bluetooth','Backup Camera','Blind Spot Monitoring','Remote Start','Parking Sensors','Heated Seats']","[PREMIUM]",7,1,1,0,1,true,12,,true,"t108534",33083,"m6","d592","65721",435755,"DEALER","[PREMIUM]","[PREMIUM]","Ozark","MO","65721","US","[PREMIUM]","[PREMIUM]","[PREMIUM]","[PREMIUM]","[PREMIUM]",,"PAYING",0,0,"[PREMIUM]"
"458052135","2026-09-05 06:29:06.510","2026-09-05 06:29:06.510","458052135","[PREMIUM]","[PREMIUM]","[PREMIUM]",111,"[PREMIUM]","FAIR_PRICE",28967,"USED","260673A",2024,"Volkswagen","Tiguan","SE R-Line Black 4Motion","crossover","Opal White Pearl","Titan Black","8-Speed Automatic","All-Wheel Drive","184 hp 2L I4","Gasoline",15.9,22,29,25.15,"4 doors","Highlights of this 2024 Volkswagen Tiguan include: Non-Smoker vehicle, Recent Arrival! Carfax 1-Owner, Clean. EPA 29 Mpg Hwy/22 Mpg City! Sunroof, Heated Seats, Power Liftgate, All Wheel Drive, Alloy Wheels, Turbo, Panoramic Roof. [!@@ NL @@!][!@@ NL @@!]Service Work Completed[!@@ NL @@!]Service Work completed on this Volkswagen Tiguan includes: Complete Multi-Point Inspection, Oil & Filter Change by a Factory Trained Technician, Battery Voltage Test, Tires Inspected, Brake Inspection, Emissions System Check, Professional Detailed Inside and Out, Function Test all Lights, Check the Complete Exhaust System, Cooling System Inspection, Transmission Fluid Inspection, Differential Fluid Inspection, Function Test all Options & Accessories. [!@@ NL @@!][!@@ NL @@!]Key Features Include[!@@ NL @@!]Sunroof, Heated Driver Seat. Volkswagen SE R-Line Black with Opal White Pearl exterior and Titan Black interior features a 4 Cylinder Engine with 184 HP at 6000 Rpm*. [!@@ NL @@!][!@@ NL @@!]Why Buy From Us[!@@ NL @@!]Thank you for shopping Colonial Volkswagen of Westborough.If you are in the market for a new, preowned or Certified VW vehicle, we have what you are looking for! We are here to serve you, whether shopping from home, or visiting us in person, Colonial VW is committed to providing you with award-winning service before, during and after the sale.Our pricing is completely transparent. The price you see is the price you pay. All manufacturers incentives are disclosed and made available to you. [!@@ NL @@!][!@@ NL @@!]Sale price reflects standard incentives available from Volkswagen. Certain finance options are in lieu of incentives.  See dealer for complete incentive details, or visit www.vw.com/the-community-driven-promise/ for complete details. Tax, title, license a Horsepower calculations based on trim engine configuration. Fuel economy calculations based on original manufacturer data for trim engine configuration. Please confirm the accuracy of the included equipment by calling us prior to purchase. [!@@ NL @@!][!@@Additional Info@@!]4 Cylinder Engine,4-Wheel Disc Brakes,8-Speed A/T,A/C,ABS,Adaptive Cruise Control,Adjustable Steering Wheel,All Wheel Drive,Aluminum Wheels,AM/FM Stereo,Auto-Dimming Rearview Mirror,Automatic Headlights,Auxiliary Audio Input,Back-Up Camera,Blind Spot Monitor,Bluetooth,Brake Assist,Bucket Seats,Child Safety Locks,Climate Control,Cross-Traffic Alert,Cruise Control,Daytime Running Lights,Driver Adjustable Lumbar,Driver Air Bag,Driver Illuminated Vanity Mirror,Driver Vanity Mirror,Engine Immobilizer,Front Head Air Bag,Front Side Air Bag,Gasoline Fuel,Heated Mirrors,Heated Seats,Integrated Turn Signal Mirrors,Intermittent Wipers,Keyless Entry,Keyless Start,Lane Keeping Assist,Leather Steering Wheel,MP3 Player,Multi-Zone A/C,Panoramic Roof,Pass-Through Rear Seat,Passenger Air Bag,Passenger Illuminated Visor Mirror,Passenger Vanity Mirror,Power Door Locks,Power Driver Seat,Power Liftgate,Power Mirror(s),Power Steering,Power Windows,Privacy Glass,Rain Sensing Wipers,Rear Defrost,Rear Head Air Bag,Rear Parking Aid,Rear Spoiler,Remote Start,Remote Trunk Release,Satellite Radio,Security System,Smart Device Integration,Stability Control,Steering Wheel Audio Controls,Sunroof / Moonroof,Sunroof / Moonroof,Telematics,Temporary Spare Tire,Tire Pressure Monitor,Tires - Front Performance,Tires - Rear Performance,Traction Control,Transmission w/Dual Shift Mode,Trip Computer,Turbo/Supercharged,Variable Speed Intermittent Wipers,Wheel Locks,WiFi Hotspot","['Sunroof/Moonroof','Adaptive Cruise Control','Alloy Wheels','Bluetooth','Backup Camera','Remote Start','Blind Spot Monitoring','Heated Seats']","[PREMIUM]",32,0,0,0,1,true,8,,,"t108765",33103,"m55","d1104","01581",61471,"DEALER","[PREMIUM]","[PREMIUM]","Westborough","MA","01581","US","[PREMIUM]","[PREMIUM]","[PREMIUM]","[PREMIUM]","[PREMIUM]",true,"PAYING",5,4,"[PREMIUM]"
"458046264","2026-09-05 06:29:06.494","2026-09-05 06:29:06.494","458046264","[PREMIUM]","[PREMIUM]","[PREMIUM]",407,"[PREMIUM]","FAIR_PRICE",37749,"USED","PRZ365822",2024,"Chevrolet","Silverado 1500","LT","pickup_truck","Gray","Black","Automatic","Four-Wheel Drive","310 hp 2.7L I4","Gasoline",24,18,21,19.35,"4 doors","At EchoPark, its all about offering you options for a happy experience. We have thousands of new-to-you makes and models that range from sedans to trucks to SUVs to luxury vehicles. For your peace of mind, every car undergoes a 190-point inspection and comes with a free Carfax report, and many are still under factory warranty. Our network of stores coast-to-coast makes picking up your new vehicle a breeze. And if it ends up not being a perfect match, you can return it with our 7-Day Money Back Guarantee. Its all part of our promise to you: we make car buying and selling, happier.In Colorado, price excludes required taxes, tag, title and registration fees.  Dealer does not charge a Delivery & Handling Fee.We have taken reasonable efforts to ensure display of accurate data; however, the information shown may contain errors and omissions, may not reflect all vehicle items and accessories, and errors with regard to pricing may occur.  All displayed inventory is subject to prior sale and all prices expire at midnight on the date displayed.  Price shown is for the state in which Dealer is physically located and if transferred to another state, the price may change.  Dealer is not responsible for any errors but should be consulted in person to confirm the information on this page.USED VEHICLES MAY BE SUBJECT TO UNREPAIRED MANUFACTURER RECALLS.  PLEASE CONTACT THE MANUFACTURER OR A DEALER FOR THAT LINE MAKE FOR RECALL ASSISTANCE/QUESTIONS OR CHECK THE NATIONAL HIGHWAY TRAFFIC SAFETY ADMINISTRATION WEBSITE FOR CURRENT RECALL INFORMATION BEFORE PURCHASING.[!@@Additional Info@@!]TRANSMISSION  8-SPEED AUTOMATIC  ELECTRONICALLY CONTROLLED  with overdrive and tow/haul mode. Includes Cruise Grade Braking and Powertrain Grade Braking (STD),REAR AXLE  3.42 RATIO,SEATS  FRONT 40/20/40 SPLIT-BENCH  with covered armrest storage and under-seat storage (lockable) (STD),AUDIO SYSTEM  CHEVROLET INFOTAINMENT 3 PREMIUM SYSTEM  with Google built-in compatibility (select service plan required  terms and limitations apply)  13.4"" diagonal HD color touchscreen  includes multi-touch display  AM/FM stereo  Bluetooth streaming audio for music and most phones; featuring Wireless Apple CarPlay and Wireless Android Auto capability for compatible phones  advanced voice recognition  in-vehicle apps  personalized profiles for infotainment and vehicle settings (STD),SUSPENSION PACKAGE  HIGH CAPACITY,STEERING COLUMN LOCK  ELECTRICAL,WHEELS  20"" X 9"" (50.8 CM X 22.9 CM) PAINTED ALUMINUM  with machine face and Grazen Painted pockets,TIRES  275/60R20SL ALL-TERRAIN  BLACKWALL,STERLING GRAY METALLIC,TIRE  SPARE 255/80R17SL ALL-SEASON  BLACKWALL,JET BLACK  CLOTH SEAT TRIM,LT PREFERRED EQUIPMENT GROUP  includes standard equipment,ENGINE  TURBOMAX  (310 hp [231 kW] @ 5600 rpm  430 lb-ft of torque [583 Nm] @ 3000 rpm) (STD),Tow Hitch,Lane Departure Warning,Lane Keeping Assist,Front Collision Mitigation,Front Collision Warning,Automatic Highbeams,Climate Control,Multi-Zone A/C,A/C,Security System,Rear Defrost,Keyless Entry,Power Door Locks,Power Driver Seat,Heated Front Seat(s),Driver Adjustable Lumbar,Keyless Start,Heated Steering Wheel,Turbocharged,Keyless Start,Locking/Limited Slip Differential,Four Wheel Drive,Tow Hooks,ABS,Aluminum Wheels,Daytime Running Lights,LED Headlights,Automatic Highbeams,Heated Mirrors,Power Mirror(s),Privacy Glass,Navigation System,MP3 Capability,Bluetooth Connection,Auxiliary Audio Input,Smart Device Integration,Requires Subscription,Requires Subscription,Bluetooth Connection,Smart Device Integration,Bluetooth Connection,WiFi Hotspot,Split Bench Seat,Power Driver Seat,Driver Adjustable Lumbar,Heated Front Seat(s),Pass-Through Rear Seat,Rear Bench Seat,Heated Steering Wheel,Steering Wheel Audio Controls,Power Windows,Power Windows,Power Door Locks,Keyless Entry,Power Door Locks,Keyless Start,Cruise Control,Security System,MP3 Capability,Auxiliary Audio Input,Climate Control,Multi-Zone A/C,A/C,A/C,Rear A/C,Rear Defrost,Front Collision Mitigation,Front Collision Warning,Front Collision Mitigation,Traction Control,Stability Control,Daytime Running Lights,Front Side Air Bag,Front Head Air Bag,Rear Head Air Bag,Telematics,Requires Subscription,Back-Up Camera,Lane Departure Warning,Lane Keeping Assist,Front Collision Warning,Driver Restriction Features,Tire Pressure Monitor","['Navigation System','Suspension Package','Alloy Wheels','Bluetooth','Backup Camera','Remote Start','Heated Seats','Android Auto','CarPlay']","[PREMIUM]",35,0,0,0,1,true,9,,,"t107100",32899,"m1","d630","80233",367909,"DEALER","[PREMIUM]","[PREMIUM]","Denver","CO","80233","US","[PREMIUM]","[PREMIUM]","[PREMIUM]","[PREMIUM]","[PREMIUM]",,"PAYING",2.9565217,23,"[PREMIUM]"
"458045058","2026-09-05 06:29:06.491","2026-09-05 06:29:06.491","458045058","[PREMIUM]","[PREMIUM]","[PREMIUM]",-1760,"[PREMIUM]","NA",45513,"USED","U32495",2024,"Jeep","Wrangler 4xe","Sahara 4WD","suv","Red","Black","Automatic","Four-Wheel Drive","375 hp 2L I4 Hybrid","Hybrid",17.2,52,45,48.85,"4 doors","Recent Arrival! CARFAX One-Owner. *Fully Detailed*, 125 Point Inspected!, Fully Sanitized, 2.0L I4 + Program Included with every Pre-Owned Vehicle we sell.[!@@Additional Info@@!]TRANSMISSION: 8-SPEED AUTO 8P75PH PHEV  (STD),QUICK ORDER PACKAGE 29P SAHARA  -inc: Engine: 2.0L I4 DOHC DI Turbo PHEV  Transmission: 8-Speed Auto 8P75PH PHEV,ENGINE: 2.0L I4 DOHC DI TURBO PHEV  (STD),MOPAR ALL-WEATHER FLOOR MATS,BODY COLOR 3-PIECE HARD TOP  -inc: Freedom Panel Storage Bag  Rear Window Defroster  Rear Window Wiper/Washer  No Soft Top,BLACK  MCKINLEY TRIMMED SEATS  -inc: Hard Seat Back  #1 Seat Foam Cushion  Leather Wrapped Shift Knob  Power Adjust 8-Way Driver Seat  Power 4-Way Passenger Lumbar Adjust  Power Adjust 8-Way Front Passenger Seat  Leather Wrapped Park Brake Handle  Power 4-Way Driver Lumbar Adjust,RADIO: UCONNECT 5 NAV W/12.3"" DISPLAY,SIDE STEPS,TECHNOLOGY GROUP  -inc: SiriusXM Radio Service  Alpine Premium Audio System  Integrated Off-Road Camera  HD Radio  Rear View Auto Dim Mirror  Radio: Uconnect 5 Nav w/12.3"" Display  GPS Navigation  SiriusXM w/360L  Universal Garage Door Opener  Connected Travel & Traffic Services,FRONT LICENSE PLATE BRACKET,FIRECRACKER RED CLEARCOAT,Turbocharged,Four Wheel Drive,Power Steering,ABS,4-Wheel Disc Brakes,Brake Assist,Brake Actuated Limited Slip Differential,Lithium Ion Traction Battery,Aluminum Wheels,Conventional Spare Tire,Tow Hooks,Tow Hooks,Heated Mirrors,Power Mirror(s),Privacy Glass,Intermittent Wipers,Variable Speed Intermittent Wipers,Rollover Protection Bars,Convertible Soft Top,Power Door Locks,Daytime Running Lights,Automatic Headlights,LED Headlights,Fog Lamps,AM/FM Stereo,Satellite Radio,Bluetooth Connection,Requires Subscription,MP3 Capability,Steering Wheel Audio Controls,Auxiliary Audio Input,Bluetooth Connection,Driver Adjustable Lumbar,Heated Front Seat(s),Driver Adjustable Lumbar,Pass-Through Rear Seat,Rear Bench Seat,Adjustable Steering Wheel,Trip Computer,Power Windows,Heated Steering Wheel,Keyless Entry,Power Door Locks,Keyless Start,Keyless Entry,Power Door Locks,Cruise Control,Adaptive Cruise Control,Climate Control,Multi-Zone A/C,A/C,Bucket Seats,Driver Vanity Mirror,Passenger Vanity Mirror,Driver Illuminated Vanity Mirror,Passenger Illuminated Visor Mirror,Floor Mats,Remote Engine Start,Keyless Start,Remote Engine Start,Smart Device Integration,Requires Subscription,Smart Device Integration,WiFi Hotspot,Power Windows,Power Door Locks,Trip Computer,Security System,Immobilizer,Traction Control,Stability Control,Traction Control,Front Side Air Bag,Telematics,Requires Subscription,Front Collision Mitigation,Tire Pressure Monitor,Driver Air Bag,Passenger Air Bag,Front Head Air Bag,Rear Head Air Bag,Passenger Air Bag Sensor,Child Safety Locks,Back-Up Camera","['Navigation System','Adaptive Cruise Control','Alloy Wheels','Bluetooth','Backup Camera','Remote Start','Heated Seats','Quick Order Package']","[PREMIUM]",1,0,0,0,1,true,8,,,"t107170",32857,"m32","d3134","11550",62205,"DEALER","[PREMIUM]","[PREMIUM]","Hempstead","NY","11550","US","[PREMIUM]","[PREMIUM]","[PREMIUM]","[PREMIUM]","[PREMIUM]",true,"AVAILABLE",2.5,4,"[PREMIUM]"
"458045901","2026-09-05 06:29:06.488","2026-09-05 06:29:06.488","458045901","[PREMIUM]","[PREMIUM]","[PREMIUM]",232,"[PREMIUM]","FAIR_PRICE",43445,"USED","7WWJXD",2024,"Jeep","Grand Cherokee 4xe","4WD","suv","White","Black","Automatic","Four-Wheel Drive","375 hp 2L I4 Hybrid","Hybrid",19,57,56,56.55,"4 doors","This vehicle passed a rigorous inspection by an ASE-Certified technician and is backed by a 12-Month/12,000 Mile Limited Powertrain Warranty(1). We offer a free CARFAX (R) Vehicle History Report (TM) and a 7-Day Buyback (2) to give you peace of mind that you are buying a quality used vehicle. Call us for further details or stop by today for a test drive! 1-888-227-7253. (1) Limited Powertrain Warranty begins on the vehicle purchase date & extends for 12 months or 12,000 miles, whichever comes first. Coverage runs concurrently with manufacturer warranty. Restrictions apply. Contact a Sales Consultant for details. (2) For a period of 7 days after the date of purchase or 1,000 miles beyond the odometer reading at purchase, whichever comes first, the vehicle may be returned for the exact price originally paid minus a $200 restocking fee, (as allowed by law). Restrictions apply.Price includes all costs to be paid by a consumer, except for licensing costs, registration fees, and taxes; also not included are title registration, tag, governmental fees, electronic filing charges (excluding CO), any emissions testing and/or state inspection fees, transfer fee, and any finance charges (if applicable). Price does not include processing, administrative, dealer conveyance fee, closing, dealer and handling, or similar fees of $409 or less, except in the following states where the advertised No-Haggle price is inclusive of this fee: CO, GA, FL, IA, IN, KY, MA, NE, NH, NJ, and SC. In WA state, a documentary service fee in an amount up to $200 may be added to the purchase price or capitalized cost. Enterprise sells vehicles through licensed vehicle dealer subsidiaries that may charge varying fees based upon their cost structures. Those dealers advertise jointly on this website. Vehicles subject to prior sale. We make every effort to provide accurate information including but not limited to price, miles and vehicle options, but please verify with your local Enterprise Car Sales location before purchasing. Current mileage may vary due to test drives and vehicle relocation. Used vehicles were previously part of Enterprise short-term rental and/or lease fleet or purchased by Enterprise from other sources including auto auctions, with previous use possibly short-term rental, lease or other.Vehicles subject to prior sale. We make every effort to provide accurate information including but not limited to price, miles and vehicle options, but please verify with your local Enterprise Car Sales location before purchasing. Current mileage may vary due to test drives and vehicle relocation. Used vehicles were previously part of Enterprise short term rental, lease fleet or purchased by Enterprise from other sources including auto auctions, with previous use possibly short term rental, lease or other.[!@@Additional Info@@!]TRANSMISSION: 8-SPEED AUTOMATIC 8P75PH PHEV  (STD),QUICK ORDER PACKAGE 27F  -inc: Engine: 2.0L I4 DOHC DI Turbo PHEV  Transmission: 8-Speed Automatic 8P75PH PHEV,ENGINE: 2.0L I4 DOHC DI TURBO PHEV  (STD),BRIGHT WHITE CLEARCOAT,GLOBAL BLACK  CAPRI LEATHERETTE SEATS,Fixed Rear Window w/Wiper  Heated Wiper Park and Defroster,Auto On/Off Reflector Led Low/High Beam Daytime Running Auto High-Beam Headlamps w/Delay-Off,Lip Spoiler,Galvanized Steel/Aluminum Panels,Chrome Side Windows Trim and Chrome Rear Window Trim,Body-Colored Rear Bumper w/Black Rub Strip/Fascia Accent and Chrome Bumper Insert,Laminated Glass,Wheels: 18"" x 8"" Fully Painted Aluminum,Power Liftgate Rear Cargo Access,Express Open/Close Sliding And Tilting Glass 1st And 2nd Row Sunroof w/Power Sunshade,Full-Size Spare Tire Mounted Inside Under Cargo,Headlights-Automatic Highbeams,Deep Tinted Glass,Perimeter/Approach Lights,Body-Colored Front Bumper w/Black Rub Strip/Fascia Accent and Chrome Bumper Insert,Front Fog Lamps,LED Brakelights,Black Power Heated Side Mirrors w/Manual Folding and Turn Signal Indicator,Chrome Grille,Speed Sensitive Variable Intermittent Wipers,Tailgate/Rear Door Lock Included w/Power Door Locks,Body-Colored Door Handles,Steel Spare Wheel,Black Bodyside Cladding and Black Fender Flares,Tires: 265/60R18 BSW A/S LRR,Radio: Uconnect 5 Nav w/10.1"" Display,Gauges -inc: Speedometer  Odometer  Voltmeter  Oil Pressure  Engine Coolant Temp  Tachometer  Inclinometer  Altimeter  Oil Temperature  Transmission Fluid Temp  Engine Hour Meter  Traction Battery Level  Power/Regen  Trip Odometer and Trip Computer,Streaming Audio,Radio w/Seek-Scan  Clock  Speed Compensated Volume Control  Aux Audio Input Jack  Steering Wheel Controls  Voice Activation  Radio Data System and Uconnect External Memory Control,Outside Temp Gauge,Capri Leatherette Seats,Sentry Key Immobilizer,Manual Tilt/Telescoping Steering Column,Front Center Armrest w/Storage,Driver Information Center,12-Way Power Passenger Seat -inc: Power Recline  Height Adjustment  Fore/Aft Movement  Cushion Tilt and Power 4-Way Lumbar Support,Valet Function,Remote Keyless Entry w/Integrated Key Transmitter  Illuminated Entry and Panic Button,Heated Leatherette Steering Wheel,Wireless Phone Connectivity,Adaptive Cruise Control w/Stop & Go,Perimeter Alarm,Air Filtration,Chrome Gear Shifter Material,Power Rear Windows and Fixed 3rd Row Windows,Integrated Roof Antenna,Vinyl Door Trim Insert,Day-Night Rearview Mirror,506w Regular Amplifier,Cruise Control w/Steering Wheel Controls,60-40 Folding Split-Bench Front Facing Heated Manual Reclining Fold Forward Seatback Leatherette Rear Seat,Cargo Area Concealed Storage,Interior Trim -inc: Simulated Wood/Metal-Look Instrument Panel Insert  Simulated Wood/Metal-Look Door Panel Insert  Piano Black Console Insert  Chrome/Metal-Look Interior Accents and Leather Upholstered Dashboard,Power Fuel Flap Locking Type,Redundant Digital Speedometer,Smart Device Integration,HVAC -inc: Headliner/Pillar Ducts and Console Ducts,Digital/Analog Appearance,Instrument Panel Covered Bin  Driver / Passenger And Rear Door Bins,Driver And Passenger Heated Front Seat,Remote Releases -Inc: Power Cargo Access and Mechanical Charge Port Door,Illuminated Locking Glove Box,Compass,Driver Foot Rest,Integrated Navigation System w/Voice Activation,Illuminated Front Cupholder,Full Cloth Headliner,4G LTE Wi-Fi Hot Spot Mobile Hotspot Internet Access,2 12V DC Power Outlets,Full Carpet Floor Covering -inc: Carpet Front And Rear Floor Mats,Rear Cupholder,Carpet Floor Trim,2 12V DC Power Outlets and 1 Interior 120V AC Power Outlet,Cargo Space Lights,Front Seats w/Power 4-Way Driver Lumbar,Front And Rear Map Lights,3 LCD Monitors In The Front,2 Seatback Storage Pockets,Manual Anti-Whiplash w/Tilt Front Head Restraints and Fixed Rear Head Restraints,Fade-To-Off Interior Lighting,Trip Computer,FOB Controls -inc: Keyfob Cargo Access and Keyfob Remote Start,10 Performance Speakers,Proximity Key For Doors And Push Button Start,Connected Travel & Traffic Services Real-Time Traffic Display,Delayed Accessory Power,Voice Activated Dual Zone Front Automatic Air Conditioning,Memory Settings -inc: Driver Seat  Door Mirrors and Audio,Power 1st Row Windows w/Driver And Passenger 1-Touch Up/Down,Power Door Locks w/Autolock Feature,Full Floor Console w/Covered Storage  Mini Overhead Console w/Storage  2 12V DC Power Outlets and 1 Interior 120V AC Power Outlet,Garage Door Transmitter,12-Way Power Driver Seat -inc: Power Recline  Height Adjustment  Fore/Aft Movement  Cushion Tilt and Power 4-Way Lumbar Support,Driver And Passenger Visor Vanity Mirrors w/Driver And Passenger Illumination,GVWR: 6 900 lbs,Electronic Transfer Case,Hybrid Electric Motor,Automatic Full-Time Four-Wheel Drive,Electric Power-Assist Steering,Front And Rear Anti-Roll Bars,Regenerative 4-Wheel Disc Brakes w/4-Wheel ABS  Front And Rear Vented Discs  Brake Assist  Hill Descent Control  Hill Hold Control and Electric Parking Brake,Permanent Locking Hubs,Multi-Link Rear Suspension w/Coil Springs,19 Gal. Fuel Tank,3.70 Rear Axle Ratio,Heavy Duty Suspension,Brake Actuated Limited Slip Differential,Engine Oil Cooler,Engine Auto Stop-Start Feature,Lithium Ion (li-Ion) Traction Battery w/7.2 kW Onboard Charger  2 Hrs Charge Time @ 220/240V and 17.3 kWh Capacity,Engine: 2.0L I4 DOHC DI Turbo PHEV,Gas-Pressurized Shock Absorbers,Transmission: 8-Speed Automatic 8P75PH PHEV,1050# Maximum Payload,50 State Emissions,Transmission w/Driver Selectable Mode and Sequential Shift Control w/Steering Wheel Controls,Multi-Link Front Suspension w/Coil Springs,Towing Equipment -inc: Trailer Sway Control,Single Stainless Steel Exhaust,700CCA Maintenance-Free Battery w/Run Down Protection,Curtain 1st And 2nd Row Airbags,Airbag Occupancy Sensor,Active Lane Management Lane Keeping Assist,Dual Stage Driver And Passenger Seat-Mounted Side Airbags,Tire Specific Low Tire Pressure Warning,Outboard Front Lap And Shoulder Safety Belts -inc: Rear Center 3 Point  Height Adjusters and Pretensioners,Dual Stage Driver And Passenger Front Airbags,Active Lane Management Lane Departure Warning,Blind Spot Detection Blind Spot,Driver And Passenger Knee Airbag,Full Speed Forward Collision Warning Plus,ParkSense with Stop Rear Parking Sensors,Collision Mitigation-Front,Cross Path Detection,Electronic Stability Control (ESC) And Roll Stability Control (RSC),ABS And Driveline Traction Control,ParkView Back-Up Camera,Rear Child Safety Locks,Side Impact Beams","['Sunroof/Moonroof','Navigation System','Adaptive Cruise Control','Alloy Wheels','Bluetooth','Backup Camera','Remote Start','Blind Spot Monitoring','Parking Sensors','Heated Seats','Quick Order Package']","[PREMIUM]",21,0,0,0,1,true,11,,,"t108721",33113,"m32","d3212","95742",279416,"DEALER","[PREMIUM]","[PREMIUM]","Rancho Cordova","CA","95742","US","[PREMIUM]","[PREMIUM]","[PREMIUM]","[PREMIUM]","[PREMIUM]",,"PAYING",0,0,"[PREMIUM]"
"458036655","2026-09-05 06:29:06.485","2026-09-08 21:47:09.205","458036655","[PREMIUM]","[PREMIUM]","[PREMIUM]",748,"[PREMIUM]","GOOD_PRICE",31789,"USED","29120838",2024,"Honda","CR-V Hybrid","Sport-L FWD","crossover","Black","Black","Automatic","Front-Wheel Drive","204 hp 2L I4 Hybrid","Hybrid",14,43,36,39.85,"4 doors","Wanna drive? CarMax puts you in the driver's seat-and that includes transparency and pricing without document or processing fees. Certain cars may have unrepaired safety recalls, so check nhtsa.gov/recalls to find out if this vehicle has any unrepaired safety recalls. With this information and more, you're empowered to drive the when, the where, and the how of your experience. At CarMax, you can shop your way, whether that's online, in-store, or a combination of both, and we stand behind every used car we sell with a 10-day money back guarantee. See store and carmax.com for details. Price excludes government fees and taxes, any finance charges, any electronic filing charge, and any emission testing charge.. Price assumes that final purchase will be made in the State of CA, unless vehicle is non-transferable. Vehicle subject to prior sale. Applicable transfer fees are due in advance of vehicle delivery and are separate from sales transactions. Limited warranty is 30 days. See store for details. We make every effort to provide accurate information, but please verify before purchasing. Inventory shown here is updated every 24 hours.[!@@Additional Info@@!]Leather Seats|Parking Sensors|Rear View Camera|Sunroof(s)|Front Seat Heaters|Auxiliary Audio Input|Alloy Wheels|Overhead Airbags|Traction Control|Side Airbags|Memory Seat(s)|AM/FM Stereo|Rear Defroster|Air Conditioning|Power Windows|ABS Brakes|Power Locks|Power Mirrors|Automatic Transmission|Smart Key|Bluetooth Technology|Power Hatch/Deck Lid|Automated Cruise Control|Lane Departure Warning|Apple CarPlay|Power Seat(s)|Android Auto|SiriusXM Trial Available|Blind Spot Monitor|Remote Start","['Leather Seats','Sunroof/Moonroof','Adaptive Cruise Control','Alloy Wheels','Blind Spot Monitoring','Parking Sensors','Heated Seats','Android Auto','CarPlay','Bluetooth','Backup Camera','Remote Start']","[PREMIUM]",28,5,5,0,1,true,12,,,"t107891",33018,"m6","d3002","93307",305137,"DEALER","[PREMIUM]","[PREMIUM]","Bakersfield","CA","93307","US","[PREMIUM]","[PREMIUM]","[PREMIUM]","[PREMIUM]","[PREMIUM]",,"PAYING",4,3,"[PREMIUM]"
"458037523","2026-09-05 06:29:06.470","2026-09-05 06:29:06.470","458037523","[PREMIUM]","[PREMIUM]","[PREMIUM]",-2305,"[PREMIUM]","NA",30201,"USED","FHC261375A",2024,"Ford","Maverick","XLT","pickup_truck","Blue (Azure Gray Metallic Tri-Coat)","Blue (Navy Pier/Medium Slate)","8-Speed Automatic","All-Wheel Drive","250 hp 2L I4","Gasoline",16.5,22,29,25.15,"4 doors","Why BUY from West Herr Ford Hamburg?     When you choose this Azure Gray Metallic Tri-Coat 2024 Ford Maverick XLT with 30,201 miles, you are not just buying a used vehicle - you are investing in quality, reliability and peace of mind. Our clientele depend on us for Transparent Pricing, Convenience and, most importantly, Customer FIRST Service!     No Accidents!      One Owner!  What this vehicle includes:     Front and Rear Splash Guards ($180 value)Azure Gray Metallic Tri-Coat Paint ($495 value)17 In. Machined-Face Carbonized Gray Painted Aluminum Wheel ($795 value)Includes 235/65R17 aggressive all-terrain  Luxury Package ($2,275 value)Includes 8-way power driver and 6-way manual passenger seats, 400W inverter w/ rear USB console, drop-in bedliner, heated mirrors w/ body-color skull caps, heated seats, soft vinyl wrapped heated steering wheel, LED box lighting, trailer hitch receiver w/ 4-pin connector, and remote start  Tow Package ($745 value)Includes trailer hitch, 7-pin wiring, integrated trailer brake controller, auxiliary transmission oil cooler, higher capacity radiator, upgraded cooling fan, upgraded drive ratio, 225/65R17 A/S BSW tires, and full-size spare tire.          Safety and Security Forward collision mitigation - Forward thinking. You look away for just a second and suddenly the vehicle in front of you has stopped. That's when the forward collision mitigation system comes to life.  When it senses an impending impact, it will activate a combination of features to help prevent or reduce the severity of an accident.  Forward collision mitigation is always looking ahead. Pedestrian impact prevention - An extra step toward safety.  Pedestrians don't always stop, look, and listen, but with Pedestrian Impact Prevention, your vehicle is equipped to better see them and avoid them. This system constantly monitors the road ahead to identify and track pedestrians. It projects that image to an interior display screen, AND should an impact become likely, Pedestrian impact prevention takes steps to avoid a  and Telematics Smart device mirroring - Smartphone, meet smart car. You can control your device through your vehicle's infotainment system.  Smart device mirroring brings together safety and convenience by making it easier to find what you're looking for while keeping your eyes on the road. Smart device mirroring - Smartphone, meet smart car. You can control your device through your vehicle's infotainment system.  Smart device mirroring brings together safety and convenience by making it easier to find what you're looking for while keeping your eyes on the road. Mobile hotspot - WiFi on the fly. Connect your devices to the Internet through your vehicles private mobile hotspot and take the internet wherever your journey takes you, without eating up your data allowance. Find the hotspot with mobile hotspot.     ENGINE: 2.0L ECOBOOST, AZURE GRAY METALLIC TRI-COAT, NAVY PIER/MEDIUM SLATE, UNIQUE CLOTH FRONT BUCKET SEATS Come on in to West Herr Ford Hamburg today at 5025 Camp Road Hamburg NY 14075 or call  to schedule a test drive![!@@Additional Info@@!]Engine: 2.0L EcoBoost|3.63 Axle Ratio|GVWR: 5,180 lbs|50-State Emissions System|Engine Auto Stop-Start Feature|Transmission w/Driver Selectable Mode|Automatic Full-Time All-Wheel|70-Amp/Hr 700CCA Maintenance-Free Battery w/Run Down Protection|Regenerative 150 Amp Alternator|Towing Equipment -inc: Trailer Sway Control|1500# Maximum Payload|Gas-Pressurized Shock Absorbers|Front And Rear Anti-Roll Bars|Electric Power-Assist Speed-Sensing Steering|16.5 Gal. Fuel Tank|Single Stainless Steel Exhaust|Permanent Locking Hubs|Strut Front Suspension w/Coil Springs|Short And Long Arm Rear Suspension w/Coil Springs|4-Wheel Disc Brakes w/4-Wheel ABS, Front And Rear Vented Discs, Brake Assist, Hill Hold Control and Electric Parking Brake|Regular Box Style|Steel Spare Wheel|Compact Spare Tire Stored Underbody w/Crankdown|Body-Colored Front Bumper w/Black Rub Strip/Fascia Accent|Black Rear Step Bumper|Black Side Windows Trim and Black Rear Window Trim|Black Door Handles|Black Power Side Mirrors w/Convex Spotter and Manual Folding|Fixed Rear Window|Deep Tinted Glass|Fixed Interval Wipers|Galvanized Steel/Aluminum Panels|Grille w/Metal-Look Bar|Tailgate Rear Cargo Access|Integrated Storage|Cargo Lamp w/High Mount Stop Light|Headlights-Automatic Highbeams|6 Speakers|Streaming Audio|Integrated Roof Antenna|2 LCD Monitors In The Front|Driver Seat|Passenger Seat|Full Folding Bench Front Facing Fold Forward Seatback Premium Cloth Rear Seat|Manual Tilt/Telescoping Steering Column|FordPass Connect 4G Mobile Hotspot Internet Access|Front Cupholder|Rear Cupholder|Compass|Cruise Control w/Steering Wheel Controls|Automatic Air Conditioning|HVAC -inc: Underseat Ducts|Glove Box|Driver foot rest|Interior Trim -inc: Colored Instrument Panel Insert, Colored Door Panel Insert and Other Interior Accents|Full Cloth Headliner|Day-Night Rearview Mirror|Driver And Passenger Visor Vanity Mirrors w/Driver And Passenger Auxiliary Mirror|Full Floor Console w/Covered Storage, Mini Overhead Console w/Storage and 2 12V DC Power Outlets|Front Map Lights|Fade-To-Off Interior Lighting|Cab Mounted Cargo Lights|Smart Device Integration|FOB Controls -inc: Keyfob Cargo Access|Instrument Panel Bin, Dashboard Storage, Driver / Passenger And Rear Door Bins and 2nd Row Underseat Storage|Delayed Accessory Power|Driver Information Center|Redundant Digital Speedometer|Outside Temp Gauge|Analog Appearance|Seats w/Cloth Back Material|Manual Adjustable Front Head Restraints and Fixed Rear Head Restraints|1 Seatback Storage Pocket|Front Center Armrest and Rear Center Armrest|Securilock Anti-Theft Ignition (pats) Immobilizer|Perimeter Alarm|2 12V DC Power Outlets|Air Filtration|Side Impact Beams|Dual Stage Driver And Passenger Seat-Mounted Side Airbags|Automatic Emergency Braking (AEB)|Collision Mitigation-Front|Tire Specific Low Tire Pressure Warning|Dual Stage Driver And Passenger Front Airbags|Safety Canopy System Curtain 1st And 2nd Row Airbags|Airbag Occupancy Sensor|Driver knee airbag|Rear child safety locks|Outboard Front Lap And Shoulder Safety Belts -inc: Rear Center 3 Point, Height Adjusters and Pretensioners|Back-Up Camera","['Alloy Wheels','Bluetooth','Backup Camera','Remote Start','Heated Seats','Tow Package','Luxury Package']","[PREMIUM]",6,1,1,0,1,true,7,,,"t108379",33063,"m2","d1293","14075",337908,"DEALER","[PREMIUM]","[PREMIUM]","Hamburg","NY","14075","US","[PREMIUM]","[PREMIUM]","[PREMIUM]","[PREMIUM]","[PREMIUM]",true,"AVAILABLE",3.6666667,3,"[PREMIUM]"
"458041295","2026-09-05 06:29:06.458","2026-09-05 06:29:06.458","458041295","[PREMIUM]","[PREMIUM]","[PREMIUM]",,"[PREMIUM]","NA",22586,"USED","855644",2024,"Tesla","Model 3","RWD","sedan",,,"Automatic","Rear-Wheel Drive"," Electric","Electric",,140,125,133.25,"4 doors","[!@@Additional Info@@!]Collision Warning,Traction Control,Blind-Spot Monitor,Bluetooth Wireless,Air Conditioning,Stability Control,Alloy Wheels,Backup Camera,F&R Head Curtain Air Bags,Keyless Entry,RWD,Alarm System,Push Button Start,AC Electric Motor,Premium Connectivity,LED Headlamps,Dual Power Seats,ABS (4-Wheel),Daytime Running Lights,Panorama Roof,Side Air Bags,Power Steering,Power Windows,Single-Speed Fixed Gear,Autopilot,Surround View Camera,Cruise Control,Hill Start Assist,Heated Seats,Remote Trunk Release,Navigation System,Dual Air Bags,Power Door Locks","['Sunroof/Moonroof','Navigation System','Adaptive Cruise Control','Alloy Wheels','Bluetooth','Backup Camera','Blind Spot Monitoring','Heated Seats']","[PREMIUM]",23,1,1,1,1,true,8,,,"t109484",33224,"m112","d2475","75220",458083,"DEALER","[PREMIUM]","[PREMIUM]","Dallas","TX","75220","US","[PREMIUM]","[PREMIUM]","[PREMIUM]","[PREMIUM]","[PREMIUM]",,"PAYING",5,1,"[PREMIUM]"
"458051947","2026-09-05 06:29:06.458","2026-09-05 06:29:06.458","458051947","[PREMIUM]","[PREMIUM]","[PREMIUM]",-282,"[PREMIUM]","NA",9549,"USED","TGU603A",2024,"Buick","Encore GX","Avenir AWD","suv","Black (Ebony Twilight Metallic)","Brown (Whisper Beige seats with Ebony interior accents)","Automatic","All-Wheel Drive","155 hp 1.3L I3","Gasoline",13.2,26,28,26.9,"4 doors","[!@@Additional Info@@!]3 Cylinder Engine,4-Wheel Disc Brakes,9-Speed A/T,A/C,A/T,ABS,Adjustable Steering Wheel,All Wheel Drive,Aluminum Wheels,AM/FM Stereo,Apple CarPlay,Auto-Dimming Rearview Mirror,Automatic Headlights,Auxiliary Audio Input,Back-Up Camera,Blind Spot Monitor,Bluetooth,Bucket Seats,Child Safety Locks,Climate Control,Cross-Traffic Alert,Cruise Control,Daytime Running Lights,Driver Adjustable Lumbar,Driver Air Bag,Driver Illuminated Vanity Mirror,Driver Vanity Mirror,Engine Immobilizer,Floor Mats,Front Head Air Bag,Front Side Air Bag,Gasoline Fuel,Hands-Free Liftgate,Heated Mirrors,Heated Seats,Heated Steering Wheel,Intermittent Wipers,Keyless Entry,Keyless Start,Lane Keeping Assist,Leather Seats,Mirror Memory,MP3 Player,Multi-Zone A/C,Pass-Through Rear Seat,Passenger Adjustable Lumbar,Passenger Air Bag,Passenger Illuminated Visor Mirror,Passenger Vanity Mirror,Power Door Locks,Power Driver Seat,Power Liftgate,Power Mirror(s),Power Passenger Seat,Power Steering,Power Windows,Privacy Glass,Rain Sensing Wipers,Rear A/C,Rear Defrost,Rear Head Air Bag,Rear Parking Aid,Rear Side Air Bag,Remote Start,Remote Trunk Release,Satellite Radio,Seat Memory,Security System,Smart Device Integration,Stability Control,Steering Wheel Audio Controls,Telematics,Temporary Spare Tire,Tire Pressure Monitor,Tires - Front Performance,Tires - Rear Performance,Traction Control,Transmission w/Dual Shift Mode,Turbo/Supercharged,Universal Garage Door Opener,Variable Speed Intermittent Wipers,WiFi Hotspot","['Leather Seats','Alloy Wheels','Bluetooth','Backup Camera','Remote Start','Blind Spot Monitoring','Heated Seats','CarPlay']","[PREMIUM]",,0,0,0,1,true,8,,,"t106843",32844,"m21","d2901","04901",147785,"DEALER","[PREMIUM]","[PREMIUM]","Waterville","ME","04901","US","[PREMIUM]","[PREMIUM]","[PREMIUM]","[PREMIUM]","[PREMIUM]",true,"AVAILABLE",4,1,"[PREMIUM]"
"458049541","2026-09-05 06:29:06.456","2026-09-05 06:29:06.456","458049541","[PREMIUM]","[PREMIUM]","[PREMIUM]",-2241,"[PREMIUM]","NA",5150,"USED","U66601",2024,"Volkswagen","Tiguan","SE 4Motion","crossover","Atlantic Blue Metallic","Storm Gray","Automatic","All-Wheel Drive","184 hp 2L I4","Gasoline",15.9,22,29,25.15,"4 doors","[!@@Additional Info@@!]Turbocharged,All Wheel Drive,Power Steering,ABS,4-Wheel Disc Brakes,Brake Assist,Aluminum Wheels,Tires - Front Performance,Tires - Rear Performance,Wheel Locks,Temporary Spare Tire,Heated Mirrors,Power Mirror(s),Integrated Turn Signal Mirrors,Rear Defrost,Privacy Glass,Intermittent Wipers,Variable Speed Intermittent Wipers,Rain Sensing Wipers,Rear Spoiler,Remote Trunk Release,Power Liftgate,Power Door Locks,Daytime Running Lights,Automatic Headlights,LED Headlights,AM/FM Stereo,Satellite Radio,MP3 Capability,Bluetooth Connection,Auxiliary Audio Input,HD Radio,WiFi Hotspot,Smart Device Integration,Requires Subscription,MP3 Capability,Steering Wheel Audio Controls,Bluetooth Connection,Power Driver Seat,Bucket Seats,Heated Front Seat(s),Driver Adjustable Lumbar,Pass-Through Rear Seat,Rear Bench Seat,Adjustable Steering Wheel,Trip Computer,Power Windows,WiFi Hotspot,Keyless Entry,Power Door Locks,Keyless Start,Keyless Entry,Power Door Locks,Cruise Control,Adaptive Cruise Control,Climate Control,Multi-Zone A/C,A/C,Premium Synthetic Seats,Driver Vanity Mirror,Passenger Vanity Mirror,Driver Illuminated Vanity Mirror,Passenger Illuminated Visor Mirror,Auto-Dimming Rearview Mirror,Smart Device Integration,Remote Engine Start,Keyless Start,Power Windows,Power Door Locks,Trip Computer,Immobilizer,Security System,Cruise Control Steering Assist,Traction Control,Stability Control,Traction Control,Front Side Air Bag,Telematics,Requires Subscription,Blind Spot Monitor,Cross-Traffic Alert,Rear Collision Mitigation,Lane Departure Warning,Lane Keeping Assist,Lane Departure Warning,Front Collision Mitigation,Tire Pressure Monitor,Driver Air Bag,Passenger Air Bag,Front Head Air Bag,Rear Head Air Bag,Passenger Air Bag Sensor,Child Safety Locks,Back-Up Camera","['Adaptive Cruise Control','Alloy Wheels','Bluetooth','Backup Camera','Remote Start','Blind Spot Monitoring','Heated Seats']","[PREMIUM]",1,0,0,0,1,true,7,,,"t108767",33103,"m55","d1104","83402",338045,"DEALER","[PREMIUM]","[PREMIUM]","Idaho Falls","ID","83402","US","[PREMIUM]","[PREMIUM]","[PREMIUM]","[PREMIUM]","[PREMIUM]",true,"AVAILABLE",0,0,"[PREMIUM]"
"458052120","2026-09-05 06:29:06.446","2026-09-05 06:29:06.446","458052120","[PREMIUM]","[PREMIUM]","[PREMIUM]",-216,"[PREMIUM]","FAIR_PRICE",21062,"USED","57547",2024,"Dodge","Hornet","GT AWD","crossover","Blue Steele","Black","Automatic","All-Wheel Drive","2L I4","Gasoline",13.5,21,29,24.6,"4 doors","[!@@Additional Info@@!]4 Cylinder Engine,4-Wheel Disc Brakes,9-Speed A/T,A/C,A/T,ABS,Active Suspension,Adaptive Cruise Control,Adjustable Steering Wheel,All Wheel Drive,AM/FM Stereo,Apple CarPlay,Automatic Headlights,Auxiliary Audio Input,Back-Up Camera,Blind Spot Monitor,Bluetooth,Brake Assist,Bucket Seats,Child Safety Locks,Cloth Seats,Cross-Traffic Alert,Cruise Control,Daytime Running Lights,Driver Air Bag,Driver Illuminated Vanity Mirror,Driver Vanity Mirror,Engine Immobilizer,Floor Mats,Front Head Air Bag,Front Side Air Bag,Gasoline Fuel,Heated Mirrors,Integrated Turn Signal Mirrors,Intermittent Wipers,Keyless Entry,Keyless Start,Lane Keeping Assist,Leather Steering Wheel,MP3 Player,Multi-Zone A/C,Pass-Through Rear Seat,Passenger Air Bag,Passenger Illuminated Visor Mirror,Passenger Vanity Mirror,Power Door Locks,Power Mirror(s),Power Steering,Power Windows,Privacy Glass,Rain Sensing Wipers,Rear Defrost,Rear Head Air Bag,Rear Parking Aid,Rear Spoiler,Satellite Radio,Security System,Smart Device Integration,Stability Control,Telematics,Tire Pressure Monitor,Tires - Front All-Season,Tires - Front Performance,Tires - Rear All-Season,Tires - Rear Performance,Traction Control,Transmission w/Dual Shift Mode,Trip Computer,Turbo/Supercharged,Variable Speed Intermittent Wipers,WiFi Hotspot","['Adaptive Cruise Control','Bluetooth','Backup Camera','Blind Spot Monitoring','CarPlay']","[PREMIUM]",,0,0,1,1,true,5,,,"t107323",32928,"m24","d3260","59102",290291,"DEALER","[PREMIUM]","[PREMIUM]","Billings","MT","59102","US","[PREMIUM]","[PREMIUM]","[PREMIUM]","[PREMIUM]","[PREMIUM]",true,"PAYING",3.375,8,"[PREMIUM]"
"458040459","2026-09-05 06:29:06.441","2026-09-05 06:29:06.441","458040459","[PREMIUM]","[PREMIUM]","[PREMIUM]",-1572,"[PREMIUM]","NA",19121,"USED","F2P8722A",2024,"Chevrolet","Blazer","3LT FWD","crossover","Sterling Gray Metallic","Black","Automatic","Front-Wheel Drive","308 hp 3.6L V6","Gasoline",19.4,19,26,22.15,"4 doors","Recent Arrival!This 2024 Chevrolet Blazer LT in Sterling Gray Metallic comes with the following features: 3.6L V6 SIDI 9-Speed Automatic with Overdrive FWD Auto Check one Owner Driver Confidence Package (Lane Change Alert w/Side Blind Zone Alert Rear Cross Traffic Alert and Rear Park Assist w/Audible Warning) Preferred Equipment Group 3LT (6-Way Power Front Passenger Seat Adjuster Black Roof-Mounted Side Rails Inside Rear-View Auto-Dimming Mirror Outside Heated Power-Adjustable Body-Color Mirrors Rear Power Programmable Liftgate and Universal Home Remote) 4-Wheel Disc Brakes ABS brakes Air Conditioning Apple CarPlay/Android Auto Auto High-beam Headlights Automatic temperature control Delay-off headlights Emergency communication system: OnStar and Chevrolet connected services capable Four wheel independent suspension Front Bucket Seats Front dual zone A/C Fully automatic headlights Garage door transmitter Heated door mirrors Heated Driver & Front Passenger Seats Heated front seats Illuminated entry Leather steering wheel Low tire pressure warning Outside temperature display Perforated Leather-Appointed Seat Trim Power door mirrors Power Driver Lumbar Control Power driver seat Power Liftgate Premium audio system: Chevrolet Infotainment 3 Plus Rear window defroster Rear window wiper Remote keyless entry Ride & Handling Suspension SiriusXM w/360L Speed control Speed-sensing steering Split folding rear seat Spoiler Steering wheel mounted audio controls Telescoping steering wheel Tilt steering wheel Traction control Trip computer Turn signal indicator mirrors and Wheels: 18'Grazen Metallic Aluminum Driver Confidence Package (Lane Change Alert w/Side Blind Zone Alert Rear Cross Traffic Alert and Rear Park Assist w/Audible Warning) Preferred Equipment Group 3LT (6-Way Power Front Passenger Seat Adjuster Black Roof-Mounted Side Rails Inside Rear-View Auto-Dimming Mirror Outside Heated Power-Adjustable Body-Color Mirrors Rear Power Programmable Liftgate and Universal Home Remote) 4-Wheel Disc Brakes ABS brakes Air Conditioning Apple CarPlay/Android Auto Auto High-beam Headlights Automatic temperature control Delay-off headlights Emergency communication system: OnStar and Chevrolet connected services capable Four wheel independent suspension Front Bucket Seats Front dual zone A/C Fully automatic headlights Garage door transmitter Heated door mirrors Heated Driver & Front Passenger Seats Heated front seats Illuminated entry Leather steering wheel Low tire pressure warning Outside temperature display Perforated Leather-Appointed Seat Trim Power door mirrors Power Driver Lumbar Control Power driver seat Power Liftgate Premium audio system: Chevrolet Infotainment 3 Plus Rear window defroster Rear window wiper Remote keyless entry Ride & Handling Suspension SiriusXM w/360L Speed control Speed-sensing steering Split folding rear seat Spoiler Steering wheel mounted audio controls Telescoping steering wheel Tilt steering wheel Traction control Trip computer Turn signal indicator mirrors Wheels: 18'Grazen Metallic Aluminum 155 Amp Alternator 170 Amp Alternator 6 Speakers 6-Speaker Audio System Feature 8-Way Power Driver Seat Adjuster Alloy wheels AM/FM radio: SiriusXM with 360L Auto-dimming door mirrors Auto-dimming Rear-View mirror Brake assist Bumpers: body-color Child-Seat-Sensing Airbag Compass Driver door bin Driver vanity mirror Dual front impact airbags Dual front side impact airbags Electronic Stability Control Front anti-roll bar Front Center Armrest Front reading lights Knee airbag Leather Shift Knob Occupant sensing airbag Overhead airbag Overhead console Panic alarm Passenger door bin Passenger vanity mirror Power passenger seat Power steering Power windows Radio data system Radio: Chevrolet Infotainment 3 Plus System Rear anti-roll bar Rear reading lights Rear seat center armrest Security sys[!@@Additional Info@@!]Preferred Equipment Group 3LT,Floor Liner Package,Federal Emissions Requirements,3.6L V6 SIDI DOHC with VVT Engine,Electronic 9-Speed Automatic Transmission with Overdrive,3.49 Final Drive Axle Ratio,6,001 lbs (2,722 Kg) GVWR,P235/65R18 AS BW Tires,Wheels: 18"" Grazen Metallic Aluminum,Front Bucket Seats,Perforated Leather-Appointed Seat Trim,Ride and Handling Suspension,Chevrolet Infotainment 3 Plus System Radio,Jet Black,Sterling Gray Metallic,8-Way Power Driver Seat Adjuster,Power Driver Lumbar Control,Heated Driver and Front Passenger Seats,155 Amp Alternator,SiriusXM with 360L,Rear Park Assist with Audible Warning,Rear Cross Traffic Alert,Lane Change Alert with Side Blind Zone Alert,6-Speaker Audio System Feature,170 Amp Alternator","['Leather Seats','Driver Confidence Package','Alloy Wheels','Preferred Package','Bluetooth','Backup Camera','Blind Spot Monitoring','Remote Start','Parking Sensors','Heated Seats','Android Auto','CarPlay']","[PREMIUM]",,1,1,2,1,true,12,,,"t107854",33015,"m1","d602","79424",302592,"DEALER","[PREMIUM]","[PREMIUM]","Lubbock","TX","79424","US","[PREMIUM]","[PREMIUM]","[PREMIUM]","[PREMIUM]","[PREMIUM]",true,"AVAILABLE",0,0,"[PREMIUM]"
"458043725","2026-09-05 06:29:06.431","2026-09-15 11:54:31.322","458043725","[PREMIUM]","[PREMIUM]","[PREMIUM]",-1447,"[PREMIUM]","FAIR_PRICE",28822,"USED","70214988",2024,"GMC","Acadia","Denali FWD","crossover","Black","Gray","Automatic","Front-Wheel Drive","328 hp 2.5L I4","Gasoline",19.4,20,27,23.15,"4 doors","Wanna drive? CarMax puts you in the driver's seat-and that includes transparency and pricing without document or processing fees. Certain cars may have unrepaired safety recalls, so check nhtsa.gov/recalls to find out if this vehicle has any unrepaired safety recalls. With this information and more, you're empowered to drive the when, the where, and the how of your experience. At CarMax, you can shop your way, whether that's online, in-store, or a combination of both, and we stand behind every used car we sell with a 10-day money back guarantee. See store and carmax.com for details. Price excludes state and local taxes, title, registration, tags, and any optional products or services. Price assumes that final purchase will be made in the State of VA, unless vehicle is non-transferable. Vehicle subject to prior sale. Applicable transfer fees are due in advance of vehicle delivery and are separate from sales transactions. Limited warranty is 30 days. See store for details. We make every effort to provide accurate information, but please verify before purchasing. Inventory shown here is updated every 24 hours.[!@@Additional Info@@!]Head Up Display|Turbo Charged Engine|Leather Seats|BOSE Sound System|Satellite Radio Ready|Parking Sensors|Rear View Camera|Fold-Away Third Row|Panoramic Sunroof|Navigation System|Tow Hitch|Quad Seats|Front Seat Heaters|Auxiliary Audio Input|Alloy Wheels|Overhead Airbags|Traction Control|Side Airbags|20 Inch Plus Wheels|Rear Air Conditioning|Memory Seat(s)|A/C Seat(s)|Rear Seat Heaters|AM/FM Stereo|Rear Defroster|Air Conditioning|Power Windows|ABS Brakes|Power Locks|Power Mirrors|Automatic Transmission|Automated Cruise Control|Power Folding Third Row|Third Row Seat|Heated Steering Wheel|Bluetooth Technology|Smart Key|Lane Departure Warning|Remote Start|Blind Spot Monitor|Android Auto|Apple CarPlay|Power Hatch/Deck Lid|Power Seat(s)|SiriusXM Trial Available|Cross-Traffic Alert|Universal Garage Door Opener|WiFi Hotspot|Automatic Highbeams","['Leather Seats','Sunroof/Moonroof','Navigation System','Adaptive Cruise Control','Alloy Wheels','Third Row Seating','Blind Spot Monitoring','Parking Sensors','Heated Seats','Android Auto','CarPlay','Bluetooth','Backup Camera','Remote Start']","[PREMIUM]",32,3,11,0,1,true,14,,,"t110391",33355,"m26","d925","23452",275190,"DEALER","[PREMIUM]","[PREMIUM]","Virginia Beach","VA","23452","US","[PREMIUM]","[PREMIUM]","[PREMIUM]","[PREMIUM]","[PREMIUM]",,"PAYING",4.3333335,15,"[PREMIUM]"
"458036765","2026-09-05 06:29:06.425","2026-09-05 06:29:06.425","458036765","[PREMIUM]","[PREMIUM]","[PREMIUM]",58,"[PREMIUM]","FAIR_PRICE",14280,"USED","29084291",2024,"Chevrolet","Silverado 1500","Custom RWD","pickup_truck","Red","Black","Automatic","4X2","310 hp 2.7L I4","Gasoline",24,18,22,19.8,"4 doors","Wanna drive? CarMax puts you in the driver's seat-and that includes transparency and pricing without document or processing fees. Certain cars may have unrepaired safety recalls, so check nhtsa.gov/recalls to find out if this vehicle has any unrepaired safety recalls. With this information and more, you're empowered to drive the when, the where, and the how of your experience. At CarMax, you can shop your way, whether that's online, in-store, or a combination of both, and we stand behind every used car we sell with a 10-day money back guarantee. See store and carmax.com for details. Price excludes state and local taxes, title, registration, tags, and any optional products or services. Price assumes that final purchase will be made in the State of GA, unless vehicle is non-transferable. Vehicle subject to prior sale. Applicable transfer fees are due in advance of vehicle delivery and are separate from sales transactions. Limited warranty is 30 days. See store for details. We make every effort to provide accurate information, but please verify before purchasing. Inventory shown here is updated every 24 hours. Prior Use: Fleet[!@@Additional Info@@!]Turbo Charged Engine|Satellite Radio Ready|Rear View Camera|Bed Liner|Running Boards|Alloy Wheels|Auxiliary Audio Input|Overhead Airbags|Traction Control|20 Inch Plus Wheels|Side Airbags|Tow Hitch|AM/FM Stereo|Power Mirrors|Cloth Seats|Cruise Control|Rear Defroster|Air Conditioning|Power Windows|Power Locks|ABS Brakes|Automatic Transmission|SiriusXM Trial Available|Power Seat(s)|Bluetooth Technology|Remote Start|Android Auto|Apple CarPlay|Lane Departure Warning|WiFi Hotspot","['Bluetooth','Backup Camera','Remote Start','Android Auto','Alloy Wheels','CarPlay']","[PREMIUM]",28,1,1,0,1,true,6,,,"t107110",32899,"m1","d630","30122",275619,"DEALER","[PREMIUM]","[PREMIUM]","Lithia Springs","GA","30122","US","[PREMIUM]","[PREMIUM]","[PREMIUM]","[PREMIUM]","[PREMIUM]",,"PAYING",4.3333335,3,"[PREMIUM]"
"458037361","2026-09-05 06:29:06.406","2026-09-05 06:29:06.406","458037361","[PREMIUM]","[PREMIUM]","[PREMIUM]",174,"[PREMIUM]","FAIR_PRICE",28256,"USED","MG44467T",2024,"Volkswagen","Atlas Cross Sport","SE FWD with Technology","crossover","Deep Black Pearl","Titan Black","Automatic","Front-Wheel Drive","2L I4","Gasoline",18.6,20,27,23.15,"4 doors","This  2024 Volkswagen Atlas Cross Sport 2.0T SE w/Technology, has a Deep Black Pearl exterior and Titan Black interior color with only 28,256 miles.  Stock Number MG44467T. You can connect  with us by calling 850-482-3051.     No Accidents!  One Owner!    OTHER NOTABLE FEATURES AND OPTIONS YOU SHOULD KNOW ABOUT:  Carpeted Mats Kit ($296 value)Heavy Duty Trunk Liner with VW CarGo BlocksPanoramic Sunroof Package ($1,200 value)Power Tilting and Sliding Panoramic SunroofBlack Wheel Package ($595 value)20 Multi-Spoke Black Painted Alloy Wheels20 All-Season Tires    Safety and Security With this system the driver's hands must remain on the wheel at all times but can be removed briefly (for a few seconds), otherwise the vehicle will prompt the driver to put their hands back on the wheel. The vehicle is equipped with a system that senses, and then prepares, the vehicle and/or occupants, for an impending forward collision.Technology and Telematics Wireless App-Connect (w/Apple CarPlay, Android Auto & MirrorLink) smart device wireless mirroring  DEEP BLACK PEARL  Tax, title, license, and documentation fees are additional. EPA mileage ratings are estimates only. Every effort has been made to ensure the accuracy of the information provided; however, we are not responsible for typographical errors or incorrect feature listings.  Visit us at 4204 W Lafayette St Marianna FL 32446 for a test drive.[!@@Additional Info@@!]Engine: 2.0L TSI I-4 DOHC 16-Valve Turbocharged -inc: direct fuel injection and start/stop system|Transmission: 8-Speed Automatic w/Tiptronic|3.60 Axle Ratio|4-wheel independent suspension|GVWR: 5,534 lbs|Transmission w/Driver Selectable Mode|Front-wheel drive|Engine oil cooler|Regenerative Alternator|Trailer Wiring Harness|1091# Maximum Payload|Gas-Pressurized Shock Absorbers|Front And Rear Anti-Roll Bars|Electro-Hydraulic Power Assist Speed-Sensing Steering|18.6 Gal. Fuel Tank|Dual Stainless Steel Exhaust|Strut Front Suspension w/Coil Springs|Multi-Link Rear Suspension w/Coil Springs|4-Wheel Disc Brakes w/4-Wheel ABS, Front And Rear Vented Discs, Brake Assist, Hill Hold Control and Electric Parking Brake|Tires: 20"" All-Season|Steel Spare Wheel|Compact Spare Tire Mounted Inside Under Cargo|Body-Colored Front Bumper w/Black Rub Strip/Fascia Accent and Metal-Look Bumper Insert|Body-Colored Rear Bumper w/Black Rub Strip/Fascia Accent|Black Wheel Well Trim|Chrome Side Windows Trim and Black Front Windshield Trim|Body-Colored Door Handles|Body-Colored Power Heated Side Mirrors w/Manual Folding and Turn Signal Indicator|Fixed Rear Window w/Wiper and Defroster|Deep Tinted Glass|Rain Detecting Variable Intermittent Wipers|Fully Galvanized Steel Panels|Lip Spoiler|Black Grille w/Chrome Accents|Power Liftgate Rear Cargo Access|Auto On/Off Projector Beam Led Low/High Beam Daytime Running Auto-Leveling Directionally Adaptive Headlamps w/Delay-Off|Front Fog Lamps|Cornering Lights|Perimeter/Approach Lights|LED Brakelights|6 Speakers|Audio Theft Deterrent|Streaming Audio|Window Grid Diversity Antenna|2 LCD Monitors In The Front|Heated & Actively Ventilated Front Seats -inc: power adjustable driver's seat w/power lumbar support and manually adjustable front passenger seat w/height adjustment|8-Way Driver Seat|6-Way Passenger Seat|60-40 Folding Split-Bench Front Facing Manual Reclining Fold Forward Seatback Rear Seat w/Manual Fore/Aft|Manual Tilt/Telescoping Steering Column|Heated Leatherette Steering Wheel|Illuminated Front Cupholder|Rear Cupholder|Compass|Valet Function|Power Fuel Flap Locking Type|Remote Releases -Inc: Proximity Cargo Access|Cruise Control w/Steering Wheel Controls|Predictive Adaptive Cruise Control|Dual Zone Front Automatic Air Conditioning|HVAC -inc: Underseat Ducts, Headliner/Pillar Ducts and Console Ducts|Illuminated Locking Glove Box|Driver foot rest|Interior Trim -inc: Metal-Look Instrument Panel Insert, Metal-Look Door Panel Insert, Piano Black Console Insert and Metal-Look Interior Accents|Full Cloth Headliner|Leatherette Door Trim Insert|Piano Black/Metal-Look Gear Shifter Material|Driver And Passenger Visor Vanity Mirrors w/Driver And Passenger Illumination, Driver And Passenger Auxiliary Mirror|Full Floor Console w/Covered Storage, Mini Overhead Console, 1 12V DC Power Outlet and 1 Interior 120V AC Power Outlet|Front And Rear Map Lights|Full Carpet Floor Covering|Rear Carpet Floor Trim|Cargo Area Concealed Storage|Cargo Space Lights|VW Car-Net Safe & Secure 5-year Tracker System|Instrument Panel Covered Bin, Dashboard Storage, Driver / Passenger And Rear Door Bins and 1st Row Underseat Storage|Delayed Accessory Power|Driver Information Center|Redundant Digital Speedometer|Outside Temp Gauge|Digital/Analog Appearance|Seats w/Leatherette Back Material|Manual Adjustable Front Head Restraints and Manual Adjustable Rear Head Restraints|Front Center Armrest and Rear Center Armrest|2 Seatback Storage Pockets|Perimeter Alarm|Immobilizer|1 12V DC Power Outlet|Air Filtration|1 12V DC Power Outlet and 1 Interior 120V AC Power Outlet|Travel Assist (semi-automated driving assistance)|Side Impact Beams|Dual Stage Driver And Passenger Seat-Mounted Side Airbags|Active Side Assist Blind Spot|Front Assist (Forward Collision Warning and Autonomous Emergency Braking)|Collision Mitigation-Front|Driver Monitoring-Alert|Park Distance Control Front And Rear Parking Sensors|Tire Specific Low Tire Pressure Warning|Dual Stage Driver And Passenger Front Airbags|Side Curtain Protection Curtain 1st And 2nd Row Airbags|Airbag Occupancy Sensor|Power Rear Child Safety Locks|Outboard Front Lap And Shoulder Safety Belts -inc: Rear Center 3 Point, Height Adjusters and Pretensioners|Back-Up Camera w/Washer","['Sunroof/Moonroof','Adaptive Cruise Control','Alloy Wheels','Bluetooth','Backup Camera','Remote Start','Blind Spot Monitoring','Parking Sensors','Heated Seats','Android Auto','CarPlay']","[PREMIUM]",1,1,1,0,1,true,11,,,"t107514",32769,"m55","d2995","32446",390600,"DEALER","[PREMIUM]","[PREMIUM]","Marianna","FL","32446","US","[PREMIUM]","[PREMIUM]","[PREMIUM]","[PREMIUM]","[PREMIUM]",true,"PAYING",4.3333335,6,"[PREMIUM]"
"458051194","2026-09-05 06:29:06.382","2026-09-15 00:21:55.849","458051194","[PREMIUM]","[PREMIUM]","[PREMIUM]",619,"[PREMIUM]","GOOD_PRICE",35096,"USED","Q111",2024,"Chevrolet","Silverado 1500","LTZ","pickup_truck","Black","Gideon/Very Dark Atmosphere","Automatic","Four-Wheel Drive","355 hp 5.3L V8","Gasoline",24,15,20,17.25,"4 doors","EPA 20 MPG Hwy/15 MPG City! Black exterior and Gideon/Very Dark Atmosphere interior, LTZ trim. [!@@ NL @@!][!@@ NL @@!][!@@ NL @@!]Approx. Original Base Sticker Price: $60,500*. [!@@ NL @@!][!@@ NL @@!]KEY FEATURES INCLUDE[!@@ NL @@!]Leather Seats, Rear Air, Heated Driver Seat, Cooled Driver Seat, Back-Up Camera [!@@ NL @@!][!@@ NL @@!]OPTION PACKAGES[!@@ NL @@!]with Google built-in compatibility (select service plan required, terms and limitations apply) including navigation capability, 13.4 diagonal HD color touchscreen, includes multi-touch display, AM/FM stereo, Bluetooth® streaming audio for music and most phones; featuring Wireless Apple CarPlay® and Wireless Android Auto® capability for compatible phones, advanced voice recognition, in-vehicle apps, personalized profiles for infotainment and vehicle settings (STD), (355 hp [265 kW] @ 5600 rpm, 383 lb-ft of torque [518 Nm] @ 4100 rpm); featuring available Dynamic Fuel Management that enables the engine to operate in 17 different patterns between 2 and 8 cylinders, depending on demand, to optimize power delivery and efficiency (STD), with Electronic Transmission Range Selector, (ETRS), electronically controlled with overdrive, tow/haul mode and steering column paddle shifters. Includes Cruise Grade Braking and Powertrain Grade Braking (STD). [!@@ NL @@!][!@@ NL @@!]EXCELLENT SAFETY FOR YOUR FAMILY[!@@ NL @@!]Cross-Traffic Alert, Lane Keeping Assist, Blind Spot Monitor, Electronic Stability Control, 4-Wheel ABS, 4-Wheel Disc Brakes Chevrolet LTZ with Black exterior and Gideon/Very Dark Atmosphere interior features a 8 Cylinder Engine with 355 HP at 5600 RPM*. [!@@ NL @@!][!@@ NL @@!]WHY BUY FROM US[!@@ NL @@!]Family Owned and Owner Operated [!@@ NL @@!][!@@ NL @@!]Pricing analysis performed on 9/4/2026. Horsepower calculations based on trim engine configuration. Fuel economy calculations based on original manufacturer data for trim engine configuration. Please confirm the accuracy of the included equipment by calling us prior to purchase. [!@@ NL @@!][!@@Additional Info@@!]4-Wheel Disc Brakes,A/C,ABS,Adjustable Steering Wheel,Aluminum Wheels,AM/FM Stereo,Apple CarPlay,Auto-Dimming Rearview Mirror,Auxiliary Audio Input,Back-Up Camera,Blind Spot Monitor,Bluetooth,Bucket Seats,Climate Control,Cross-Traffic Alert,Cruise Control,Daytime Running Lights,Driver Adjustable Lumbar,Driver Air Bag,Fog Lamps,Front Head Air Bag,Front Side Air Bag,Heated Mirrors,Heated Seats,Heated Seats,Heated Steering Wheel,HID headlights,Intermittent Wipers,Keyless Entry,Keyless Start,Lane Keeping Assist,Leather Seats,Locking/Limited Slip Differential,Mirror Memory,MP3 Player,Multi-Zone A/C,Navigation System,Pass-Through Rear Seat,Passenger Adjustable Lumbar,Passenger Air Bag,Power Door Locks,Power Driver Seat,Power Mirror(s),Power Passenger Seat,Power Windows,Premium Sound,Privacy Glass,Rain Sensing Wipers,Rear A/C,Rear Defrost,Rear Head Air Bag,Rear Parking Aid,Remote Start,Satellite Radio,Seat Memory,Security System,Smart Device Integration,Stability Control,Steering Wheel Audio Controls,Telematics,Tow Hitch,Tow Hooks,Traction Control,Variable Speed Intermittent Wipers,WiFi Hotspot","['Leather Seats','Navigation System','Alloy Wheels','Bluetooth','Backup Camera','Remote Start','Blind Spot Monitoring','Heated Seats','Android Auto','CarPlay']","[PREMIUM]",29,10,11,0,2,true,10,,true,"t107130",32899,"m1","d630","29910",296636,"DEALER","[PREMIUM]","[PREMIUM]","Bluffton","SC","29910","US","[PREMIUM]","[PREMIUM]","[PREMIUM]","[PREMIUM]","[PREMIUM]",,"PAYING",4.818182,11,"[PREMIUM]"
"458049754","2026-09-05 06:29:06.379","2026-09-05 06:29:06.379","458049754","[PREMIUM]","[PREMIUM]","[PREMIUM]",486,"[PREMIUM]","NA",11268,"USED","S1111",2024,"Ford","Edge","SEL AWD","crossover","Black",,"Automatic","All-Wheel Drive","250 hp 2L I4","Gasoline",18.5,21,28,24.15,"4 doors","Recent Arrival!2024 Ford Edge SEL Black Metallic AWD 8-Speed Automatic EcoBoost 2.0L I4 GTDi DOHC Turbocharged VCT21/28 City/Highway MPG[!@@Additional Info@@!]ENGINE: TWIN-SCROLL 2.0L ECOBOOST  -inc: auto start-stop technology (STD),Turbocharged,All Wheel Drive,Power Steering,ABS,4-Wheel Disc Brakes,Brake Assist,Brake Actuated Limited Slip Differential,Aluminum Wheels,Tires - Front All-Season,Tires - Rear All-Season,Heated Mirrors,Power Mirror(s),Rear Defrost,Privacy Glass,Intermittent Wipers,Variable Speed Intermittent Wipers,Rear Spoiler,Power Door Locks,Daytime Running Lights,Automatic Headlights,LED Headlights,Automatic Highbeams,AM/FM Stereo,Satellite Radio,MP3 Capability,Auxiliary Audio Input,Requires Subscription,MP3 Capability,Steering Wheel Audio Controls,Satellite Radio,Requires Subscription,MP3 Capability,Bluetooth Connection,Telematics,Auxiliary Audio Input,Smart Device Integration,Requires Subscription,Bluetooth Connection,Pass-Through Rear Seat,Rear Bench Seat,Adjustable Steering Wheel,Trip Computer,Power Windows,WiFi Hotspot,Leather Steering Wheel,Keyless Entry,Power Door Locks,Keyless Start,Keyless Entry,Power Door Locks,WiFi Hotspot,Smart Device Integration,Requires Subscription,Cruise Control,Climate Control,Multi-Zone A/C,A/C,Power Driver Seat,Power Passenger Seat,Bucket Seats,Heated Front Seat(s),Driver Adjustable Lumbar,Premium Synthetic Seats,Driver Vanity Mirror,Passenger Vanity Mirror,Driver Illuminated Vanity Mirror,Passenger Illuminated Visor Mirror,Auto-Dimming Rearview Mirror,Floor Mats,Keyless Start,Smart Device Integration,Power Windows,Power Door Locks,Trip Computer,Immobilizer,Traction Control,Stability Control,Traction Control,Front Side Air Bag,Telematics,Requires Subscription,Blind Spot Monitor,Cross-Traffic Alert,Lane Departure Warning,Lane Keeping Assist,Lane Departure Warning,Front Collision Mitigation,Driver Monitoring,Rear Parking Aid,Tire Pressure Monitor,Driver Air Bag,Passenger Air Bag,Front Head Air Bag,Rear Head Air Bag,Passenger Air Bag Sensor,Knee Air Bag,Driver Restriction Features,Child Safety Locks,Back-Up Camera","['Bluetooth','Backup Camera','Blind Spot Monitoring','Heated Seats','Alloy Wheels']","[PREMIUM]",,0,0,0,1,true,5,,,"t107461",32964,"m2","d923","62568",337806,"DEALER","[PREMIUM]","[PREMIUM]","Taylorville","IL","62568","US","[PREMIUM]","[PREMIUM]","[PREMIUM]","[PREMIUM]","[PREMIUM]",true,"AVAILABLE",5,1,"[PREMIUM]"
"458043270","2026-09-05 05:05:43.563","2026-09-05 05:05:43.563","458043270","[PREMIUM]","[PREMIUM]","[PREMIUM]",415,"[PREMIUM]","FAIR_PRICE",38440,"CPO","AN10635",2024,"BMW","X5","xDrive40i AWD","crossover","Alpine White","Cognac","Automatic","All-Wheel Drive","375 hp 3L I6","Gasoline",21.9,23,27,24.8,"4 doors","*BMW of Santa Monica does not reserve, or hold advertised vehicles, all are subject to prior sale on a first come first serve basis. Customer must take delivery of the vehicle and execute all California required documentation at BMW of Santa Monica. We reserve the right to revise price, equipment, mileage, and certification status as a result of changing market conditions, manufacturer/distributor notices including recall notices, or errors. All vehicle pricing expires upon close of business the same day. The stock images shown are for illustration purposes only and are not an exact representation of the actual vehicle. The look is unmistakably BMW, the smooth contours and cutting-edge technology of this BMW X5 xDrive40i will definitely turn heads. A truly breathtaking example of pure vehicle design achievement...this is the vehicle of your dreams! The quintessential BMW -- This BMW X5 xDrive40i speaks volumes about its owner, about uncompromising individuality, a passion for driving and standards far above the ordinary. The BMW X5 xDrive40i will provide you with everything you have always wanted in a car -- Quality, Reliability, and Character. CONDITION: We offer a carefully curated selection of high-quality vehicles, competitively priced to deliver exceptional value. This vehicle has been meticulously inspected and reconditioned by factory trained technicians. Investing in state-of-the-art facilities, tools and training, our technicians go above and beyond the expectations of your pre-owned vehicle purchase. BENEFITS: There are many benefits to becoming a Fletcher Jones Owner. Complimentary services include rideshare options, night drop service, multi point vehicle inspections and much more. ABOUT US: BMW of Santa Monica is a proud member of the family owned and operated Fletcher Jones Automotive Group. Weve had the pleasure of serving guests for over 80 years. This BMW center is located at 1127 Santa Monica Blvd. in beautiful Santa Monica, California. We offer an excellent selection of new and pre-owned BMW inventory. We are likely to have the vehicle youve been searching for or contact us to help find an exact configuration.[!@@Additional Info@@!]Apple CarPlay Compatibility|10 Speakers|Real-Time Traffic Display|Radio w/Seek-Scan, Clock, Speed Compensated Volume Control, Aux Audio Input Jack, Steering Wheel Controls, Voice Activation, Radio Data System and External Memory Control|2 LCD Monitors In The Front|Window Grid Diversity Antenna|Hi-Fi Sound System|Audio Theft Deterrent|Radio: AM/FM Stereo|Bluetooth Wireless Phone Connectivity|Streaming Audio|Metal-Look Grille w/Chrome Surround|LED Brakelights|Galvanized Steel/Aluminum/Composite Panels|Body-Colored Front Bumper w/Metal-Look Rub Strip/Fascia Accent and Black Bumper Insert|Body-Colored Door Handles|Tailgate/Rear Door Lock Included w/Power Door Locks|Tires: 275/45R20 All-Season|Headlights-Automatic Highbeams|Perimeter/Approach Lights|Body-Colored Power Heated Side Mirrors w/Driver Auto Dimming, Power Folding and Turn Signal Indicator|Auto On/Off Projector Beam Led Low/High Beam Auto-Leveling Auto High-Beam Daytime Running Lights Preference Setting Headlamps w/Delay-Off|Runflat Tires|Express Open/Close Sliding And Tilting Glass 1st And 2nd Row Sunroof w/Power Sunshade|Metal-Look Bodyside Insert and Black Wheel Well Trim|Wheels: 20 x 9 V-Spoke (Style 738)|Aluminum Side Windows Trim and Black Front Windshield Trim|Speed Sensitive Rain Detecting Variable Intermittent Wipers w/Heated Jets|Deep Tinted Glass|Fixed Rear Window w/Wiper and Defroster|Power Liftgate/Tailgate Rear Cargo Access|Lip Spoiler|Body-Colored Rear Bumper w/Metal-Look Rub Strip/Fascia Accent and Black Bumper Insert|Valet Function|Immobilizer|Driver Information Center|4 12V DC Power Outlets|12-Way Passenger Seat -inc: Manual Cushion Extension|Cargo Space Lights|Power Fuel Flap Locking Type|Full Floor Console w/Covered Storage and 4 12V DC Power Outlets|Memory Settings -inc: Door Mirrors and Head Restraints|Redundant Digital Speedometer|Power w/Tilt Front Head Restraints and Manual Adjustable Rear Head Restraints|Interior Trim -inc: Metal-Look Interior Accents and Leatherette Upholstered Dashboard|Personal eSIM 5G|Full Cloth Headliner|Roll-Up Cargo Cover|Illuminated Locking Glove Box|Sport Leather Steering Wheel w/Auto Tilt-Away|Trunk/Hatch Auto-Latch|BMW TeleServices|Sport Seats|HVAC -inc: Underseat Ducts, Residual Heat Recirculation and Console Ducts|Air Filtration|Cruise Control w/Steering Wheel Controls|Gauges -inc: Speedometer, Odometer, Engine Coolant Temp, Tachometer, Trip Odometer and Trip Computer|Digital/Analog Appearance|40-20-40 Folding Bench Front Facing Fold Forward Seatback Rear Seat|Heated Front Seats|Perimeter Alarm|Compass|ConnectedDrive Services|Front And Rear Map Lights|Wireless Device Charging|Navigation|Manual Tilt/Telescoping Steering Column|Delayed Accessory Power|Leather/Metal-Look Gear Shifter Material|Power 1st Row Windows w/Front And Rear 1-Touch Up/Down|Sensafin Upholstery|FOB Controls -inc: Keyfob Cargo Access, Keyfob Window Activation and Keyfob Sunroof/Convertible Roof Activation|Garage Door Transmitter|Driver And Passenger Visor Vanity Mirrors w/Driver And Passenger Illumination|Full Carpet Floor Covering -inc: Carpet Front And Rear Floor Mats|Cargo Area Concealed Storage|Tracker System|Remote Releases -Inc: Comfort Access Proximity Cargo Access|Trip Computer|Carpet Floor Trim|Dual Zone Front Automatic Air Conditioning|12-Way Driver Seat -inc: Manual Cushion Extension|Lumbar Support|Front Cupholder|Power Rear Windows and Fixed 3rd Row Windows|Rear Cupholder|BMW Assist eCall|Power Front Seats|Power Door Locks w/Autolock Feature|Outside Temp Gauge|Driver Foot Rest|Apple CarPlay & Android Auto Compatibility|Fade-To-Off Interior Lighting|Driver / Passenger And Rear Door Bins|Day-Night Auto-Dimming Rearview Mirror|2 Seatback Storage Pockets|Remote Keyless Entry w/Integrated Key Transmitter, 4 Door Curb/Courtesy, Illuminated Entry, Illuminated Ignition Switch and Panic Button|Proximity Key For Doors And Push Button Start And Smart Device Proximity Key|Interior Lock Disable|Connected Package Pro|Front Center Armrest and Rear Center Armrest|Lithium Ion (li-Ion) Traction Battery|Regenerative 4-Wheel Disc Brakes w/4-Wheel ABS, Front And Rear Vented Discs, Brake Assist, Hill Descent Control, Hill Hold Control and Electric Parking Brake|Permanent Locking Hubs|Multi-Link Rear Suspension w/Coil Springs|Full-Time All-Wheel|GVWR: 6,360 lbs|Gas-Pressurized Shock Absorbers|Quasi-Dual Stainless Steel Exhaust w/Chrome Tailpipe Finisher|Towing Equipment -inc: Trailer Sway Control|21.9 Gal. Fuel Tank|Front And Rear Anti-Roll Bars|Double Wishbone Front Suspension w/Coil Springs|3.39 Axle Ratio|Engine: 3.0L DOHC I-6 24V Turbo|Hybrid Electric Motor|Transmission: 8-Speed Sport Automatic|Engine Auto Stop-Start Feature|Electric Power-Assist Speed-Sensing Steering|Transmission w/Driver Selectable Mode and STEPTRONIC Sequential Shift Control w/Steering Wheel Controls|Back-Up Camera|Dual Stage Driver And Passenger Front Airbags|Cross-Traffic Alert Rear|Curtain 1st And 2nd Row Airbags|Tire Specific Low Tire Pressure Warning|Frontal Collision Warning w/City Collision Mitigation|Dual Stage Driver And Passenger Seat-Mounted Side Airbags|Parking Assistant Front And Rear Parking Sensors|Electronic Stability Control (ESC) And Roll Stability Control (RSC)|Collision Mitigation-Front|Airbag Occupancy Sensor|Lane Departure Warning|Driver Monitoring-Alert|Rear Child Safety Locks|Outboard Front Lap And Shoulder Safety Belts -inc: Rear Center 3 Point and Pretensioners|Side Impact Beams|Active Blind Spot Detection Blind Spot|Driver And Passenger Knee Airbag|ABS And Driveline Traction ControlPARKING ASSISTANCE PACKAGE|PREMIUM PACKAGE|HARMAN/KARDON SURROUND SOUND SYSTEM|WHEELS: 20","['Sunroof/Moonroof','Navigation System','Alloy Wheels','Bluetooth','Backup Camera','Blind Spot Monitoring','Parking Sensors','Premium Package','Heated Seats','Android Auto','CarPlay']","[PREMIUM]",28,0,0,0,1,true,11,,,"t106518",32791,"m3","d393","90401",60100,"DEALER","[PREMIUM]","[PREMIUM]","Santa Monica","CA","90401","US","[PREMIUM]","[PREMIUM]","[PREMIUM]","[PREMIUM]","[PREMIUM]",true,"PAYING",3.6666667,6,"[PREMIUM]"
"458037967","2026-09-05 05:05:43.558","2026-09-13 17:00:32.303","458037967","[PREMIUM]","[PREMIUM]","[PREMIUM]",2677,"[PREMIUM]","GREAT_PRICE",74527,"USED","27330",2024,"Jeep","Wagoneer","Series II RWD","suv","Bright White Clearcoat","Global Black","Automatic","4X2","420 hp 3L I6","Gasoline",26.5,17,24,20.15,"4 doors","Experience the pinnacle of large SUV luxury with this pristine-condition 2024 Jeep Wagoneer Series II. Strikingly presented in a Bright White Clearcoat exterior, this premium vehicle delivers a commanding road presence that is both modern and sophisticated. Inside, the cabin is enveloped in a refined Global Black interior, offering an upscale atmosphere designed to elevate every journey. For buyers seeking a sophisticated, spacious, and head-turning family vehicle, this Series II 4x2 model stands out as an exceptional choice.At the heart of this 2024 Jeep Wagoneer is the formidable 3.0L I6 Hurricane SO Twin Turbo ESS engine. This advanced 3.0L 6-cylinder powerplant provides smooth, effortless acceleration and robust capability, ensuring you have ample power for highway merging and long-distance cruising. Coupled with a 3.55 rear axle ratio, this rear-wheel-drive powertrain is engineered to balance performance and efficiency, delivering a confident and refined driving experience that matches the vehicles premium character.Inside the cabin, utility meets premium comfort with accommodating 8 passenger seating, ensuring there is plenty of room for the entire family and guests. The seating experience is heightened by the luxurious Global Black leather trimmed bucket seats, which offer supportive comfort for long road trips. With its combination of a powerful twin-turbo engine, extensive seating capacity, and pristine condition, this loaded 2024 Jeep Wagoneer Series II represents the ultimate opportunity to upgrade your daily drive.[!@@Additional Info@@!]Adaptive Cruise Control, Alloy Wheels, Backup Camera, Blind Spot Monitoring, Bluetooth, Heated Seats, Leather Seats, Multi Zone Climate Control, Navigation System, Parking Sensors, Power Mirror Package, Quick Order Package, Remote Start, Sound Package, Third Row Seating, Tow Package, 3.55 Rear Axle Ratio, 8 Passenger Seating, Bright White Clearcoat, Engine: 3.0L I6 Hurricane So Twin Turbo Ess, Global Black, Leather Trimmed Bucket Seats, Gvwr: 7,300 Lbs, Quick Order Package 25J, Tires: 275/55R20 Bsw All Season, Transmission: 8-Speed Automatic (8Hp75), Wheels: 20'' X 9.0'' Premium 2 Aluminum","['Leather Seats','Navigation System','Adaptive Cruise Control','Alloy Wheels','Bluetooth','Backup Camera','Remote Start','Blind Spot Monitoring','Heated Seats']","[PREMIUM]",33,10,10,0,1,true,9,,true,"t113478",33799,"m32","d493","92111",281760,"DEALER","[PREMIUM]","[PREMIUM]","San Diego","CA","92111","US","[PREMIUM]","[PREMIUM]","[PREMIUM]","[PREMIUM]","[PREMIUM]",,"PAYING",3.4,5,"[PREMIUM]"
"458046749","2026-09-05 05:05:43.553","2026-09-05 05:05:43.553","458046749","[PREMIUM]","[PREMIUM]","[PREMIUM]",242,"[PREMIUM]","FAIR_PRICE",46689,"USED","7WYV00",2024,"Jeep","Wrangler 4xe","Rubicon 4WD","suv","Black","Black","Automatic","Four-Wheel Drive","375 hp 2L I4 Hybrid","Hybrid",17.2,52,45,48.85,"4 doors","This vehicle passed a rigorous inspection by an ASE-Certified technician and is backed by a 12-Month/12,000 Mile Limited Powertrain Warranty(1). We offer a free CARFAX (R) Vehicle History Report (TM) and a 7-Day Buyback (2) to give you peace of mind that you are buying a quality used vehicle. Call us for further details or stop by today for a test drive! 1-888-227-7253. (1) Limited Powertrain Warranty begins on the vehicle purchase date & extends for 12 months or 12,000 miles, whichever comes first. Coverage runs concurrently with manufacturer warranty. Restrictions apply. Contact a Sales Consultant for details. (2) For a period of 7 days after the date of purchase or 1,000 miles beyond the odometer reading at purchase, whichever comes first, the vehicle may be returned for the exact price originally paid minus a $200 restocking fee, (as allowed by law). Restrictions apply.Price includes Processing Fee of $403. Price does not include tax, title, tags, governmental fees, electronic filing charge, any emissions testing and/or state inspection fees, and any finance charges (if applicable).Vehicles subject to prior sale. We make every effort to provide accurate information including but not limited to price, miles and vehicle options, but please verify with your local Enterprise Car Sales location before purchasing. Current mileage may vary due to test drives and vehicle relocation. Used vehicles were previously part of Enterprise short term rental, lease fleet or purchased by Enterprise from other sources including auto auctions, with previous use possibly short term rental, lease or other.[!@@Additional Info@@!]TRANSMISSION: 8-SPEED AUTO 8P75PH PHEV  (STD),QUICK ORDER PACKAGE 29V RUBICON  -inc: Engine: 2.0L I4 DOHC DI Turbo PHEV  Transmission: 8-Speed Auto 8P75PH PHEV,ENGINE: 2.0L I4 DOHC DI TURBO PHEV  (STD),BLACK CLEARCOAT,BLACK 3-PIECE HARD TOP  -inc: Freedom Panel Storage Bag  Rear Window Defroster  Rear Window Wiper/Washer  No Soft Top,BLACK  SUSTAINABLE PREMIUM CLOTH SEATS,LED Brakelights,Auto On/Off Reflector Led Low/High Beam Daytime Running Headlamps w/Delay-Off,Full-Size Spare Tire Mounted Outside Rear,Deep Tinted Glass,Black Wheel Well Trim and Black Fender Flares,Black Door Handles,Black Side Windows Trim,Black Power Heated Side Mirrors w/Manual Folding,Variable Intermittent Wipers,Swing-Out Rear Cargo Access,Wheels: 17"" x 7.5"" Machined w/Black Pockets,Removable Rear Window,Galvanized Steel/Aluminum/Magnesium Panels,Front Fog Lamps,Black Front Bumper w/2 Tow Hooks,Black Rear Bumper w/1 Tow Hook,Aluminum Spare Wheel,Body-Color Grille w/Colored Accents,Manual Convertible Top w/Fixed Roll-Over Protection and Top,Paint w/Decal,Tailgate/Rear Door Lock Included w/Power Door Locks,Tires: LT285/70R17C BSW Off-Road,2 Seatback Storage Pockets,Perimeter Alarm,Redundant Digital Speedometer,Remote Keyless Entry w/Integrated Key Transmitter  Illuminated Entry and Panic Button,Power Fuel Flap Locking Type,HVAC -inc: Console Ducts,Trip Computer,Radio w/Seek-Scan  Clock  Speed Compensated Volume Control  Aux Audio Input Jack  Steering Wheel Controls  Voice Activation  Radio Data System and Uconnect External Memory Control,Locking Glove Box,Delayed Accessory Power,Front Center Armrest w/Storage,Instrument Panel Bin  Dashboard Storage  Driver / Passenger And Rear Door Bins,Apple CarPlay,Window Grid Antenna,2 12V DC Power Outlets and 1 Interior 120V AC Power Outlet,Power Rear Windows and Removable 3rd Row Windows,Urethane Gear Shifter Material,Illuminated Rear Cupholder,Fade-To-Off Interior Lighting,Front Seats w/Manual Driver Lumbar,Interior Trim -inc: Metal-Look Instrument Panel Insert  Metal-Look Door Panel Insert  Metal-Look Console Insert and Metal-Look Interior Accents,Integrated Voice Command w/Bluetooth,6-Way Driver Seat -inc: Manual Recline  Height Adjustment  Fore/Aft Movement and Manual Lumbar Support,Full Carpet Floor Covering -inc: Carpet Front And Rear Floor Mats,Compass,Power 1st Row Windows w/Driver And Passenger 1-Touch Down,Cargo Space Lights,Streaming Audio,12.3"" Touchscreen Display,4G LTE Wi-Fi Hot Spot,Wireless Phone Connectivity,Voice Activated Dual Zone Front Automatic Air Conditioning,Driver And Passenger Visor Vanity Mirrors w/Driver And Passenger Illumination  Driver And Passenger Auxiliary Mirror,Disassociated Touchscreen Display,Gauges -inc: Speedometer  Odometer  Voltmeter  Oil Pressure  Engine Coolant Temp  Tachometer  Inclinometer  Altimeter  Oil Temperature  Transmission Fluid Temp  Engine Hour Meter  Traction Battery Level  Power/Regen  Trip Odometer and Trip Computer,Tracker System,Sentry Key Immobilizer,Carpet Floor Trim  Carpet And Rubber Mat,Sustainable Premium Cloth Seats,Analog Appearance,Driver Information Center,Illuminated Front Cupholder,Outside Temp Gauge,60-40 Folding Split-Bench Front Facing Flip Forward Cushion/Seatback Premium Cloth Rear Seat,Power Door Locks w/Autolock Feature,Adaptive Cruise Control w/Stop & Go,Radio: Uconnect 5 w/12.3"" Display,8 Speakers,Locking Cargo Area Concealed Storage,2 12V DC Power Outlets,Full Floor Console w/Locking Storage  2 12V DC Power Outlets and 1 Interior 120V AC Power Outlet,2 LCD Monitors In The Front,Google Android Auto,Remote Releases -Inc: Power Fuel,Day-Night Rearview Mirror,Connectivity - US/Canada,Proximity Key For Doors And Push Button Start,Manual Tilt/Telescoping Steering Column,Manual Adjustable Front Head Restraints and Fixed Rear Head Restraints,Air Filtration,4-Way Passenger Seat -inc: Manual Recline and Fore/Aft Movement,Front And Rear Map Lights,Integrated Center Stack Radio,Cruise Control w/Steering Wheel Controls,Leatherette Steering Wheel,GVWR: 6 600 lbs,Leading Link Front Suspension w/Coil Springs,Solid Axle Rear Suspension w/Coil Springs,Auto Locking Hubs,Lithium Ion (li-Ion) Traction Battery w/7.2 kW Onboard Charger  12 Hrs Charge Time @ 110/120V  2.4 Hrs Charge Time @ 220/240V and 17.3 kWh Capacity,Brake Actuated Limited Slip Differential,4.10 Rear Axle Ratio,Class II Towing Equipment -inc: Hitch and Trailer Sway Control,Trailer Wiring Harness,Upfitter Switches,Transmission: 8-Speed Auto 8P75PH PHEV,Driver Selectable Rear Locking Differential,HD Gas-Pressurized Shock Absorbers,Part And Full-Time Four-Wheel Drive,Performance Suspension,Single Stainless Steel Exhaust,Regenerative 4-Wheel Disc Brakes w/4-Wheel ABS  Front And Rear Vented Discs  Brake Assist  Hill Descent Control and Hill Hold Control,730CCA Maintenance-Free Battery w/Run Down Protection,Engine: 2.0L I4 DOHC DI Turbo PHEV,17.2 Gal. Fuel Tank,Electro-Hydraulic Power Assist Steering,Manual Transfer Case,Front And Rear Anti-Roll Bars,5 Skid Plates,Engine Auto Stop-Start Feature,Transmission w/Autostick Sequential Shift Control,Hybrid Electric Motor,Driver Selectable Front Locking Differential,50 State Emissions,6600# Gvwr 1328# Maximum Payload,Dual Stage Driver And Passenger Front Airbags,ABS And Driveline Traction Control,Electronic Stability Control (ESC) And Roll Stability Control (RSC),Curtain 1st And 2nd Row Airbags,Full Speed Forward Collision Warning Plus,ParkView Back-Up Camera,Airbag Occupancy Sensor,Outboard Front Lap And Shoulder Safety Belts -inc: Rear Center 3 Point  Height Adjusters and Pretensioners,Collision Mitigation-Front,Tire Specific Low Tire Pressure Warning,Side Impact Beams,Rear Child Safety Locks,Dual Stage Driver And Passenger Seat-Mounted Side Airbags,Jeep Connect Emergency Sos Capability","['Adaptive Cruise Control','Alloy Wheels','Bluetooth','Backup Camera','Android Auto','Quick Order Package','CarPlay']","[PREMIUM]",21,0,0,0,1,true,7,,,"t107168",32857,"m32","d3134","34711",458179,"DEALER","[PREMIUM]","[PREMIUM]","Clermont","FL","34711","US","[PREMIUM]","[PREMIUM]","[PREMIUM]","[PREMIUM]","[PREMIUM]",,"PAYING",,,"[PREMIUM]"
"458034691","2026-09-05 05:05:43.550","2026-09-05 05:05:43.550","458034691","[PREMIUM]","[PREMIUM]","[PREMIUM]",36,"[PREMIUM]","FAIR_PRICE",28176,"USED","913650",2024,"Porsche","Taycan","Sedan RWD","sedan","Black","Black","Automatic","Rear-Wheel Drive"," Electric","Electric",,79,88,83.05,"4 doors","WHY BUY FROM HGREG LUX?HGREG LUX is America's premier destination for exotic, luxury, and high-performance vehicles, proudly serving clients through our Kendall and Pompano Beach locations. With over 30 years of automotive experience, we offer a curated selection of collector-grade, performance-driven, and luxury vehicles like this 2024 Porsche Taycan. Every vehicle is carefully selected, clean Carfax verified when applicable, professionally inspected, and reconditioned to meet the elevated standard expected from HGreg Lux.Vehicle Highlights:*** Exterior: Black*** Interior: Black*** Engine: Permanent Magnet Synchronous Electric Motor*** Horsepower: Up to 402 HP with Launch Control*** Transmission: 2-Speed Automatic*** Drivetrain: Rear-Wheel Drive*** VIN: WP0AA2Y17RSA11852Installed Options & Features:*** Porsche Electric Sport Sound*** Porsche Communication Management (PCM)*** 10.9-Inch Central Touchscreen Display*** 16.8-Inch Curved Digital Instrument Display*** Apple CarPlay and Android Auto Integration*** Navigation with Porsche Charging Planner*** Power Front Seats*** Dual-Zone Automatic Climate Control*** Front and Rear ParkAssist*** Lane Keep Assist*** LED Headlights*** Power-Folding Exterior Mirrors*** Porsche Active Suspension Management (PASM)*** Adaptive Air Suspension*** Regenerative Braking System*** DC Fast-Charging CapabilitySouth Florida's Elite Exotic Car DealerAt HGREG LUX, we proudly offer machines like the Porsche Taycan with instantaneous electric performance, unmistakable Porsche driving dynamics, and sophisticated everyday luxury. The rear-wheel-drive Taycan combines responsive handling with advanced electric technology and a driver-focused cabin, delivering a distinctly Porsche interpretation of the modern performance EV. Whether you are visiting our Pompano Beach flagship location or our Kendall showroom, HGreg Lux delivers a premium automotive experience built around rare inventory, performance, luxury, and trust.Nationwide Luxury DeliveryHGREG LUX delivers nationwide. Our team ensures a seamless luxury buying experience, delivering your Porsche Taycan directly to your doorstep with professional coordination from inquiry to arrival.Endorsement of ExcellenceHGREG LUX specializes in performance and prestige across Porsche, Ferrari, Lamborghini, McLaren, Rolls-Royce, Bentley, Mercedes-AMG, BMW M, Range Rover, Aston Martin, and more. The 2024 Porsche Taycan exemplifies this philosophy with its responsive electric powertrain, rear-wheel-drive architecture, advanced chassis technology, and unmistakable Porsche design.Whether you're searching for an exotic car dealer in Kendall, a luxury car dealer in Pompano Beach, or a trusted destination for collector-grade performance vehicles, HGreg Lux stands as one of the premier names in the luxury automotive market. Explore the HGreg Lux exotic inventory to discover rare and desirable models like this 2024 Porsche Taycan, each selected for quality, presence, performance, and long-term desirability. From high-performance coupes and luxury SUVs to ultra-premium sedans and limited-production exotics, HGreg Lux is your destination for exclusive vehicles, nationwide luxury delivery, and a world-class ownership experience.[!@@Additional Info@@!]Electric Motor,Rear Wheel Drive,Power Steering,ABS,4-Wheel Disc Brakes,Brake Assist,Lithium Ion Traction Battery,Aluminum Wheels,Tires - Front Performance,Tires - Rear Performance,Heated Mirrors,Power Mirror(s),Rear Defrost,Intermittent Wipers,Variable Speed Intermittent Wipers,Rain Sensing Wipers,Rear Spoiler,Remote Trunk Release,Power Liftgate,Power Door Locks,Daytime Running Lights,Automatic Headlights,Headlights-Auto-Leveling,LED Headlights,Security System,AM/FM Stereo,Navigation System,Satellite Radio,MP3 Capability,Bluetooth Connection,Auxiliary Audio Input,HD Radio,WiFi Hotspot,Smart Device Integration,Requires Subscription,MP3 Capability,Steering Wheel Audio Controls,Bluetooth Connection,Power Driver Seat,Power Passenger Seat,Bucket Seats,Mirror Memory,Seat Memory,Heated Front Seat(s),Pass-Through Rear Seat,Bucket Seats,Rear Bucket Seats,Adjustable Steering Wheel,Trip Computer,Power Windows,WiFi Hotspot,Leather Steering Wheel,Keyless Entry,Power Door Locks,Keyless Start,Keyless Entry,Power Door Locks,Hands-Free Liftgate,Universal Garage Door Opener,Cruise Control,Climate Control,Multi-Zone A/C,A/C,Leather Seats,Auto-Dimming Rearview Mirror,Driver Vanity Mirror,Passenger Vanity Mirror,Driver Illuminated Vanity Mirror,Passenger Illuminated Visor Mirror,Floor Mats,Mirror Memory,Seat Memory,Keyless Start,Navigation System,Smart Device Integration,Power Windows,Power Door Locks,Trip Computer,Security System,Immobilizer,Traction Control,Stability Control,Traction Control,Front Side Air Bag,Rear Parking Aid,Lane Departure Warning,Lane Keeping Assist,Lane Departure Warning,Front Collision Mitigation,Tire Pressure Monitor,Driver Air Bag,Passenger Air Bag,Front Head Air Bag,Rear Head Air Bag,Passenger Air Bag Sensor,Front Side Air Bag,Rear Side Air Bag,Knee Air Bag,Child Safety Locks,Back-Up Camera","['Leather Seats','Navigation System','Alloy Wheels','Bluetooth','Adaptive Suspension','Backup Camera','Heated Seats','Android Auto','CarPlay']","[PREMIUM]",1,1,1,0,1,true,9,,true,"t107546",32979,"m48","d2974","33073",392329,"DEALER","[PREMIUM]","[PREMIUM]","Pompano Beach","FL","33073","US","[PREMIUM]","[PREMIUM]","[PREMIUM]","[PREMIUM]","[PREMIUM]",,"PAYING",4,43,"[PREMIUM]"
"455975798","2026-09-05 02:29:07.640","2026-09-05 02:29:07.640","455975798","[PREMIUM]","[PREMIUM]","[PREMIUM]",1385,"[PREMIUM]","GOOD_PRICE",39303,"CPO","T15545",2023,"Ford","Explorer","Timberline AWD","crossover","Gray Metallic","Deep Cypress","Automatic","All-Wheel Drive","2.3L I4","Gasoline",17.9,19,22,20.35,"4 doors","CarBravo Certified Used Vehicle Benefits 	 12-Month / 12,000-Mile Bumper-to-Bumper Limited Warranty with no deductible ( 	 24/7 Roadside Assistance included during the warranty period.  	 Courtesy Transportation available for covered warranty repairs (subject to availability).  	 Nationwide Service Network at participating in Car Bravo dealerships 	 Parts, Labor, and Towing included for covered warranty repairs.   This 2023 Ford Explorer Timberline in striking gray delivers capable performance with three rows of seating for your entire family. With a 2.3L EcoBoost engine and 4WD configuration, you'll navigate various road conditions with confidence, achieving an estimated 19 city and 22 highway MPG.  - Apple CarPlay and Android Auto smartphone integration - Twin panel moonroof with remote control front windows - Hands-free liftgate for convenient cargo access - Backup camera and voice-activated touchscreen navigation - Heated steering wheel and heated front and rear seats - Bluetooth hands-free connectivity with steering wheel audio controls - GPS navigation system with 4G LTE Wi-Fi hotspot - Power driver and passenger seats with SelectShift capability and paddle shifters - Front bucket seats with front center armrest and split folding rear seat - Automatic temperature control with front dual zone air conditioning - Rear air conditioning and automatic headlights with fog lights - Premium leather steering wheel with telescoping and tilt adjustment - 18-inch high gloss black-painted aluminum wheels - Equipment Group 800A with dual front side impact airbags and emergency communication  This Explorer has earned CarBravo certification, meaning it has undergone a comprehensive multi-point inspection and meets our rigorous standards for quality and reliability. You can drive with confidence knowing this vehicle has been thoroughly evaluated and backed by our 12-month, 12,000-mile bumper-to-bumper limited warranty with no deductible, 24/7 roadside assistance, and access to our nationwide service network.  The Timberline trim combines adventure-ready features with daily practicality. The four-wheel independent suspension and electronic stability control provide a smooth, controlled ride, while traction control and brake assist enhance safety across all weather conditions. Remote keyless entry, illuminated entry, and the SYNC 3 communications and entertainment system create a modern driving experience.  With seating for up to seven passengers and a flexible configuration that includes a third-row bench seat and split folding rear seat, this Explorer adapts to your lifestyle. Whether you're hauling cargo or passengers, the hands-free power liftgate and roof rack rails make loading straightforward.  This well-maintained vehicle represents a smart choice for families and individuals seeking reliability, comfort, and capability. We invite you to experience the 2023 Ford Explorer Timberline in person and discuss how its features align with your driving needs.[!@@Additional Info@@!]Navigation System,Equipment Group 800A,6 Speakers,AM/FM radio: SiriusXM,AM/FM Stereo,SYNC 3 Communications & Entertainment System,Air Conditioning,Automatic temperature control,Front dual zone A/C,Rear air conditioning,Rear window defroster,Power driver seat,Power steering,Power windows,Remote keyless entry,Steering wheel mounted audio controls,Four wheel independent suspension,Speed-sensing steering,Traction control,4-Wheel Disc Brakes,ABS brakes,Dual front impact airbags,Dual front side impact airbags,Emergency communication system: SYNC 3 911 Assist,Front anti-roll bar,Knee airbag,Low tire pressure warning,Occupant sensing airbag,Overhead airbag,Rear anti-roll bar,Twin Panel Moonroof,Power Liftgate,Brake assist,Electronic Stability Control,Exterior Parking Camera Rear,Auto High-beam Headlights,Delay-off headlights,Front fog lights,Fully automatic headlights,Panic alarm,Security system,Speed control,Auto Start-Stop Removal (DISC),Bumpers: body-color,Front License Plate Bracket,Heated door mirrors,Power door mirrors,Roof rack: rails only,SelectShift Capability w/Paddle Shifters,Spoiler,4G LTE Wi-Fi Hotspot Credit,Compass,Driver door bin,Driver vanity mirror,FordPass Connect,Front reading lights,Heated ActiveX Trimmed Captain's Chairs,Heated steering wheel,Illuminated entry,Leather steering wheel,Outside temperature display,Overhead console,Passenger vanity mirror,Rear reading lights,Sport steering wheel,SYNC 3/Apple CarPlay/Android Auto,Tachometer,Telescoping steering wheel,Tilt steering wheel,Trip computer,Universal Garage Door Opener (UGDO),Voice-Activated Touchscreen Navigation System,3rd row seats: bench,Front Bucket Seats,Front Center Armrest,Heated front seats,Heated rear seats,Power passenger seat,Split folding rear seat,Passenger door bin,Alloy wheels,Wheels: 18"" High Gloss Black-Painted Aluminum,Rear window wiper,Speed-Sensitive Wipers,Variably intermittent wipers,3.58 Torsen Limited Slip Rear Axle,1 Key/Remote/Fob,*BLUETOOTH, HANDS-FREE*,*APPLE CAR PLAY / ANDROID AUTO*,*USB / AUX INPUTS TO PLAY MUSIC*,*GPS NAVIGATION*,*BACK UP CAMERA*,*SUNROOF / MOONROOF*,*HEATED STEERING WHEEL*,*HANDS-FREE LIFTGATE*","['Sunroof/Moonroof','Navigation System','Adaptive Cruise Control','Alloy Wheels','Third Row Seating','Blind Spot Monitoring','Heated Seats','Android Auto','CarPlay','Bluetooth','Backup Camera','Remote Start']","[PREMIUM]",47,22,23,0,1,true,12,,,"t104053",32476,"m2","d334","07461",50977,"DEALER","[PREMIUM]","[PREMIUM]","Sussex","NJ","07461","US","[PREMIUM]","[PREMIUM]","[PREMIUM]","[PREMIUM]","[PREMIUM]",true,"PAYING",4.571429,7,"[PREMIUM]"
"458042830","2026-09-05 02:29:07.629","2026-09-10 10:47:41.526","458042830","[PREMIUM]","[PREMIUM]","[PREMIUM]",1292,"[PREMIUM]","GOOD_PRICE",104412,"USED","P2115A",2020,"Audi","Q5","quattro Premium Plus 45 TFSI","crossover","Brilliant Black","Black","7-Speed Automatic","All-Wheel Drive","248 hp 2L I4","Gasoline",18.5,,,,"4 doors",,"['Convenience Plus Package','Leather Seats','Sunroof/Moonroof','Navigation System','Alloy Wheels','Blind Spot Monitoring','Premium Plus Package','Parking Sensors','Heated Seats','Android Auto','Cold Weather Package','CarPlay','Bluetooth','Backup Camera','Convenience Package']","[PREMIUM]",6,6,6,0,1,true,15,,,"t86440",29280,"m19","d1988","29414",296541,"DEALER","[PREMIUM]","[PREMIUM]","Charleston","SC","29414","US","[PREMIUM]","[PREMIUM]","[PREMIUM]","[PREMIUM]","[PREMIUM]",true,"AVAILABLE",4.6666665,3,"[PREMIUM]"
"458041894","2026-09-05 02:29:07.625","2026-09-05 02:29:07.625","458041894","[PREMIUM]","[PREMIUM]","[PREMIUM]",2291,"[PREMIUM]","GREAT_PRICE",181028,"USED","A13115",2020,"Ford","Expedition","XLT RWD","suv",,,"Automatic","4X2","375 hp 3.5L V6","Gasoline",23.6,17,23,19.7,"4 doors","[!@@Additional Info@@!]SYNC,Side Air Bags,Tilt & Telescoping Wheel,Lane Keeping System,FordPass Connect,Alarm System,SiriusXM Satellite,V6 EcoBoost Twin Turbo 3.5 Liter,Dual Air Bags,CD/MP3 (Single Disc),Traction Control,Running Boards,Power Steering,Cruise Control,Fog Lights,Towing Pkg,F&R Head Curtain Air Bags,Push Button Start,Automatic 10-Spd w/SelectShift,Air Conditioning,Backup Camera,Power Seat,AM/FM Stereo,Reverse Sensing System,Air Conditioning Rear,Ford Co-Pilot360,Power Windows,Keyless Entry,Hill Start Assist,Daytime Running Lights,Collision Warning,Blind-Spot Information System,Alloy Wheels,ABS (4-Wheel),2WD,AdvanceTrac,Power Door Locks","['Backup Camera','Alloy Wheels','Blind Spot Monitoring']","[PREMIUM]",12,0,1,1,1,true,3,,,"t88160",29639,"m2","d333","32807",433463,"DEALER","[PREMIUM]","[PREMIUM]","Orlando","FL","32807","US","[PREMIUM]","[PREMIUM]","[PREMIUM]","[PREMIUM]","[PREMIUM]",,"PAYING",3.8333333,18,"[PREMIUM]"
"458040793","2026-09-05 01:09:48.032","2026-09-05 01:09:48.032","458040793","[PREMIUM]","[PREMIUM]","[PREMIUM]",1494,"[PREMIUM]","GREAT_PRICE",126997,"USED","LBA13313",2020,"Ford","Edge","SEL FWD","crossover","Black","Black","8-Speed Automatic","Front-Wheel Drive","250 hp 2L I4","Gasoline",18.4,21,29,24.6,"4 doors","2020 Ford Edge SEL  Turbocharged Comfort and Everyday VersatilityCheck out this 2020 Ford Edge SEL Sport Utility, a great-condition SUV that combines modern styling, roomy comfort, and responsive performance. Powered by a 2.0-liter turbo engine paired with an 8-speed automatic transmission and front-wheel drive, this Edge delivers a smooth, confident drive for commuting, errands, and road trips.The SEL trim offers a comfortable, well-appointed interior with plenty of space for passengers and cargo. If you're looking for a clean, capable SUV with turbocharged power and practical everyday value, this Ford Edge is ready to impress.Visit One Stop Auto Sales at 480 N. 4th Ave, Pocatello, Idaho 83201.Browse more details at myonestopauto.com, or call 208-233-7000 today to schedule a test drive.2020FordEdgeSEL Sport Utility 4D4-Cyl, EcoBoost, Turbo, 2.0 LiterAutomatic, 8-SpdFWDOne Stop Auto Sales480 N 4th Ave, Pocatello, ID 83201(208) 233-7000[!@@Additional Info@@!]Reverse Sensing System,FordPass Connect,Daytime Running Lights,Blind-Spot Information System,AdvanceTrac,Dual Power Seats,Side Air Bags,Premium Sound,CD/MP3 (Single Disc),SYNC,SiriusXM Satellite,Keyless Entry,Push Button Start,Alloy Wheels,4-Cyl EcoBoost Turbo 2.0 Liter,Air Conditioning,FWD,Dual Air Bags,Traction Control,Fog Lights,Automatic 8-Spd,Backup Camera,LED Headlamps,Power Windows,Rear Spoiler,Hill Start Assist Control,Tilt & Telescoping Wheel,Power Door Locks,Power Steering,ABS (4-Wheel),Cruise Control,F&R Head Curtain Air Bags,Knee Air Bags,Lane Keeping System,Bluetooth Wireless,AM/FM Stereo,Heated Seats","['Bluetooth','Backup Camera','Blind Spot Monitoring','Heated Seats','Alloy Wheels']","[PREMIUM]",21,0,1,2,2,true,5,,,"t87982",29619,"m2","d923","83201",291357,"DEALER","[PREMIUM]","[PREMIUM]","Pocatello","ID","83201","US","[PREMIUM]","[PREMIUM]","[PREMIUM]","[PREMIUM]","[PREMIUM]",,"PAYING",5,1,"[PREMIUM]"
"458040785","2026-09-05 01:09:47.975","2026-09-05 01:09:47.975","458040785","[PREMIUM]","[PREMIUM]","[PREMIUM]",2964,"[PREMIUM]","GREAT_PRICE",88823,"USED","137388",2020,"Ford","Mustang","EcoBoost Premium Convertible RWD","convertible","Black","Black","Automatic","Rear-Wheel Drive","310 hp 2.3L I4","Gasoline",15.5,20,28,23.6,"2 doors","NO JUNK FEES..NO DEALER FEES.. PRICES DOES NOT INCLUDE TAXES AND DMV.TRADE IN WELCOME!!!QUALITY CARS AT LOW WHOLESALE PRICING!!!Thank you,BUDGET AUTO WHOLESALE10960 Hole Ave, Riverside CA 92505(951) 987 5557Fair Prices, No Markups, Just Cars.[!@@Additional Info@@!]4-Cyl Turbo EcoBoost 2.3 Liter,LED Fog Lights,Power Liftgate Release,Rear Spoiler,AdvanceTrac,Side Air Bags,Cruise Control,Daytime Running Lights,Power Door Locks,Power Soft Top,Air Conditioning,Keyless Entry,AM/FM Stereo,Backup Camera,LED Headlamps,CD/MP3 (Single Disc),Heated & Cooled Seats,Navigation System,SiriusXM Satellite,Reverse Sensing System,Perimeter Alarm System,Tilt & Telescoping Wheel,Push Button Start,SYNC,Leather,Bang & Olufsen Radio System,ABS (4-Wheel),Automatic 10-Spd w/SelectShift,RWD,Power Windows,Traction Control,FordPass Connect,Knee Air Bags,Power Steering,Dual Air Bags,Hill Start Assist,Dual Power Seats,Alloy Wheels","['Navigation System','Alloy Wheels','Backup Camera']","[PREMIUM]",2,0,1,0,3,true,3,,,"t86526",29178,"m2","d2","92505",416048,"DEALER","[PREMIUM]","[PREMIUM]","Riverside","CA","92505","US","[PREMIUM]","[PREMIUM]","[PREMIUM]","[PREMIUM]","[PREMIUM]",,"PAYING",4.5,6,"[PREMIUM]"
"458040899","2026-09-05 01:09:47.972","2026-09-05 01:09:47.972","458040899","[PREMIUM]","[PREMIUM]","[PREMIUM]",2091,"[PREMIUM]","GREAT_PRICE",86739,"USED","45A12L1",2020,"GMC","Acadia","SLE AWD","crossover","Gray","Gray","9-Speed Automatic","Four-Wheel Drive","310 hp 3.6L V6","Gasoline",22,18,25,21.15,"4 doors","Air conditioning: Yes Armrests front center: Front seat center armrest Cabin air filter Carpet front and rear floor mats Carpet rear seatback upholstery Cloth front seat upholstery Cloth headliner material Cloth rear seat upholstery Console insert material: Piano black and metal-look console insert Driver seat direction: Driver seat with 6-way directional controls Fixed rear head restraints Front head restraint control: Manual front seat head restraint control Front head restraints: Height adjustable front seat head restraints Full carpet floor covering Full floor coverage Full folding rear seats Full headliner coverage Gearshifter material: Urethane gear shifter material Light tinted windows Manual climate control Manual driver seat controls: Driver seat manual reclining, fore/aft control and height adjustable control Manual passenger seat controls: Passenger seat manual reclining, fore/aft control and height adjustable control Metal-look door panel insert Metal-look instrument panel insert Metal-look interior accents Passenger seat direction: Front passenger seat with 6-way directional controls Plastic front seatback upholstery Rear head restraint control: 3 rear seat head restraints Rear seat folding position: Fold forward rear seatback Rear seats fixed or removable: Fixed rear seats Rear seats: Rear bench seat Rear under seat ducts: Rear under seat climate control ducts Seating capacity: 5 Split front seats: Bucket front seats Steering wheel material: Urethane steering wheel Steering wheel telescopic: Manual telescopic steering wheel Steering wheel tilt: Manual tilting steering wheel 12V power outlets: 1 12V power outlet Auto door locks: Auto-locking doors Battery charge warning Beverage holders rear: Rear beverage holders Bulb warning: Bulb failure warning Cargo access: Manual cargo area access release Cargo floor type: Carpet cargo area floor Cargo light: Cargo area light Covered floor console storage Cruise control with steering wheel mounted controls Day/Night rearview mirror Digital clock Door ajar warning: Rear cargo area ajar warning Door bins front: Driver and passenger door bins Door bins rear: Rear door bins Driver foot rest Driver information center Driver one-touch down window Engine temperature warning Engine/electric motor temperature gauge Exterior temperature display Fixed rear windshield Front beverage holders Front reading lights Front windshield solar coating Full floor console Ignition type: Mechanical Key in vehicle warning Keyfob cargo controls: Keyfob trunk control Keyfob keyless entry Low level warnings: Low level warning for fuel, washer fluid and brake fluid Manual folding door mirrors Manual fuel door release Mini overhead console Number of beverage holders: 6 beverage holders Oil pressure warning Passenger doors rear left: Conventional left rear passenger door Passenger doors rear right: Conventional right rear passenger door Power door locks with 2 stage unlocking Power door mirrors Power first-row windows Power second-row windows Rear cargo door: Trunk Rear seat direction: Front facing rear seat Rear window defroster Redundant digital speedometer Retained accessory power Standard glove box Steering mounted audio control: Steering wheel mounted audio controls Tachometer Trip computer Trip odometer Variable intermittent front windshield wipers Variable panel light: Variable instrument panel light Visor driver mirror: Driver visor mirror Visor passenger mirror: Passenger visor mirror 15 x 6-inch front and rear silver aluminum wheels Black side window trim Bumpers front: Body-colored front bumper Bumpers rear: Body-colored rear bumper Chrome front and rear bumper inserts Compact spare tire with steel wheel Door handle material: Body-colored door handles Door mirror style: Body-colored door mirrors Door mirror type: Standard style side mirrors Fully galvanized steel body panels with side impact beams Grille style: Chrome grille Number of doors: 4 doors P195/65TR15 AS BSW front and rear tires Pearlcoat paint Spare tire location: Spare tire mounted under the cargo floor Special paint: Monotone paint Aux input jack: Auxiliary input jack External memory control Radio: AM/FM/digital Seek scan Speakers number: 4 speakers Speed sensitive volume Standard grade speakers Voice activated audio controls Window grid audio antenna Wireless streaming: Bluetooth wireless audio streaming 2 USB portsBluetooth handsfree wireless device connectivitySmart device integration: Apple CarPlay & Android Auto smart device wireless mirroring[!@@Additional Info@@!]AWD,Cruise Control,F&R Head Curtain Air Bags,StabiliTrak,Third Row Seat,Power Steering,Dual Air Bags,Keyless Entry,SiriusXM Satellite,LED Headlamps,Air Conditioning Rear,AM/FM Stereo,Power Door Locks,Automatic 9-Spd,Daytime Running Lights,Rear Park Assist,Backup Camera,Side Air Bags,Alloy Wheels,Traction Control,Blind Zone Alert,V6 3.6 Liter,Keyless Start,ABS (4-Wheel),Air Conditioning,Knee Air Bags,OnStar,Bluetooth Wireless,Tilt & Telescoping Wheel,Power Windows","['Alloy Wheels','Third Row Seating','Bluetooth','Backup Camera','Blind Spot Monitoring','Parking Sensors','Android Auto','CarPlay']","[PREMIUM]",46,0,1,0,1,true,8,,,"t86714",29030,"m26","d925","07461",388198,"DEALER","[PREMIUM]","[PREMIUM]","Sussex","NJ","07461","US","[PREMIUM]","[PREMIUM]","[PREMIUM]","[PREMIUM]","[PREMIUM]",,"PAYING",3.5,4,"[PREMIUM]"
"458041771","2026-09-05 01:09:47.966","2026-09-05 01:09:47.966","458041771","[PREMIUM]","[PREMIUM]","[PREMIUM]",2644,"[PREMIUM]","GREAT_PRICE",86569,"USED","M207538",2020,"INFINITI","Q50","3.0t Luxe RWD","sedan",,,"7-Speed Automatic","Rear-Wheel Drive","300 hp 3L V6","Gasoline",20,20,29,24.05,"4 doors","[!@@Additional Info@@!]RWD,Air Conditioning,Moon Roof,Dual Power Seats,AM/FM/HD Radio,ABS (4-Wheel),Alloy Wheels,Dual Air Bags,Side Air Bags,Power Steering,Fog Lights,Vehicle Dynamic Control,Bluetooth Wireless,Infiniti InTouch,Traction Control,Push Button Start,Power Door Locks,CD/MP3 (Single Disc),Automatic 7-Spd w/Manual Mode & Downshift Rev Matching,V6 Twin Turbo 3.0 Liter,Keyless Entry,Cruise Control,SiriusXM Satellite,Backup Camera,Alarm System,F&R Head Curtain Air Bags,Tilt & Telescoping Wheel,Hill Start Assist,Daytime Running Lights","['Sunroof/Moonroof','Alloy Wheels','Bluetooth','Backup Camera']","[PREMIUM]",10,0,1,1,5,true,4,,,"t88996",29761,"m84","d2207","21076",459788,"DEALER","[PREMIUM]","[PREMIUM]","Hanover","MD","21076","US","[PREMIUM]","[PREMIUM]","[PREMIUM]","[PREMIUM]","[PREMIUM]",,"PAYING",2.1875,16,"[PREMIUM]"
"458042091","2026-09-05 01:09:47.966","2026-09-05 01:09:47.966","458042091","[PREMIUM]","[PREMIUM]","[PREMIUM]",3694,"[PREMIUM]","GREAT_PRICE",26100,"USED","082613",2020,"Toyota","Sienna","L 7-Passenger FWD","minivan","White","Gray","8-Speed Dual Clutch","Front-Wheel Drive","296 hp 3.5L V6","Gasoline",20,,,,"4 doors","Visit Lux Auto Sales of NJ to shop our great deals. You can contact us or call 908-753-1542 to schedule your test drive today. Welcome to Lux Auto Sales Of NJ Where everyone is approved regardless of their credit history. So Bad credit is approved good credit is approved with amazing rates No credit approved first time buyer approved SSI income approved previous repossessions approved cash jobs all are approved. We say YES to all customers when others say no. Come to our Dealership and experience our friendly atmosphere and our Guaranteed 100% approval. Please Call 908-753-1542 PRE-APPROVALS ARE WELCOME For more details or stop by for a test drive we offer low pricing on bank repossessed and out of state vehicles. We also will offer a special incentive if the car is more than KBB pricing please call for details.Lux Auto Sales Of NJ relies on external data provided by the vehicle manufacturer and other resources and therefore exact configuration specifications color and accessories are not guaranteed. We make every effort to present accurate information. Dealer will not be liable for any inaccuracies claims or losses of any nature. Furthermore inventory is subject to prior sale and prices are subject to change without notice. Cannot be combined with any other offer(s). Internet pricing posted on this website is only available to those customers who reference such pricing at time of sale. Internet Special prices and/or listed prices EXCLUDE dealer Prep fee dealer installed equipment taxes registration plates finance options. All prices are subject to change based on market value and prime lender approval and credit approval. The advertised price special is a finance price. Reflects 72 month term 6.99 APR and $4487 down payment due @ signing with Tier 1 lender approval. Excludes title, tax, doc fee. Visit dealer for finance or lease details. . And any loan processing fees also our approximate savings are based off-original in-store pricing or sticker pricing (before fees and taxes are added) which can be applied to non-online shopping customers or online shopping customers that DO NOT mention internet special price upon sale. Offers are subject to lenders approval. All pre-owned vehicles are sold cosmetically as is. See dealer for more details. We will help you reestablish your credit rating when you finance a vehicle with us. We are experts at financing your pre-owned vehicle no need to look elsewhere. All prices are subject to change based on market value and prime lender approval and credit approval. All vehicle specifications prices and equipment are subject to change without notice. Prices and payments (including the amount down payment) do not includes tax titles tags documentation charges vin etching total loss protection plans emissions testing charges or other fees required by law or lending organizations. The estimated payments may not include upfront finance charges that must be paid to be eligible for the purchase financing program used to estimate the APR and payments. Listed Annual Percentage Rates are provided for the selected purchase financing programs available on the current date. Program expiration dates reflect currently announced program end dates but these programs are subject to change at any time. Listed APR down payment payments incentives and other terms are estimates for example purposes only. Information provided is based on very well-qualified buyers. The payment information provided here is not a commitment by any organization to provide credit. Some customers may not qualify for listed programs. Your terms may vary. Credit approval required. Prices can be modified and adjusted weekly daily and sometimes hourly due to inquiries bidding and website traffic on any particular Vehicles. All displayed inventory is subject to prior sale and all prices expire at midnight on the date displayed. Every reasonable effort has been made to ensure the accuracy of the information contained on this site however absolute accuracy cannot be guaranteedFinancing OptionsWe work with over a dozen major prime and subprime lenders to help approve nearly everyone who qualifies. Financing rates are available as low as5.99%for qualified buyers. We specialize in working with first-time buyers, individuals with bad credit, recent repossessions, or collections.Special OffersInternet specials are available for financed vehicles only and are subject to bank guidelines.Vehicle Information & WarrantiesLux Auto Sales of NJ provides access to aFREE CARFAX reportand live video walk-around for any listed vehicle upon request. However, we make no representations, expressed or implied, regarding the existence, ownership, accuracy, description, condition, or warranty of the listed vehicle's equipment, accessories, or price.For any questions or inquiries, please contact us directly. Lux Auto Sales of NJ is committed to transparency and customer satisfaction, and we encourage all prospective buyers to verify vehicle details before purchase.[!@@Additional Info@@!]F&R Head Curtain Air Bags,Lane Departure Alert,Third Row Seat,ABS (4-Wheel),Rear Spoiler,Stability Control,Dynamic Radar Cruise Control,Bluetooth Wireless,Alloy Wheels,Hill Start Assist Control,Power Steering,Backup Camera,Air Conditioning Rear,Entune Audio,Safety Connect,AM/FM Stereo,Quad Seating (4 Buckets),Air Conditioning,Traction Control,Keyless Entry,Power Windows,Side Air Bags,Tilt & Telescoping Wheel,Daytime Running Lights,Power Door Locks,Knee Air Bags,Dual Air Bags,V6 3.5 Liter,FWD,Automatic 8-Spd w/Direct Shift","['Bluetooth','Backup Camera','Alloy Wheels','Third Row Seating']","[PREMIUM]",1,0,1,2,2,true,4,,true,"t85170",29072,"m7","d308","07063",411005,"DEALER","[PREMIUM]","[PREMIUM]","Plainfield","NJ","07063","US","[PREMIUM]","[PREMIUM]","[PREMIUM]","[PREMIUM]","[PREMIUM]",,"PAYING",3.1,20,"[PREMIUM]"
"458041368","2026-09-05 01:09:47.927","2026-09-13 13:09:38.643","458041368","[PREMIUM]","[PREMIUM]","[PREMIUM]",2260,"[PREMIUM]","GREAT_PRICE",83480,"USED","633439",2020,"Tesla","Model 3","Standard Range AWD","sedan",,,"Automatic","All-Wheel Drive"," Electric","Electric",,,,,"4 doors","[!@@Additional Info@@!]Electronic Stability Control,Side Air Bags,Single-Speed Fixed Gear,Power Steering,Dual Air Bags,Power Windows,Dual Power Seats,Premium Sound,Navigation System,F&R Head Curtain Air Bags,Bluetooth Wireless,AC Electric Motor,Keyless Entry,Daytime Running Lights,Push Button Start,Collision Warning,Cruise Control,Power Liftgate Release,RWD,Surround View Camera,LED Headlamps,Air Conditioning,Alarm System,Alloy Wheels,ABS (4-Wheel),Power Door Locks,Heated Seats,Autopilot,Traction Control,Hill Start Assist","['Sunroof/Moonroof','Navigation System','Alloy Wheels','Bluetooth','Backup Camera','Blind Spot Monitoring','Heated Seats']","[PREMIUM]",13,10,10,0,2,true,7,,,"t101891",29901,"m112","d2475","91040",465399,"DEALER","[PREMIUM]","[PREMIUM]","Sunland","CA","91040","US","[PREMIUM]","[PREMIUM]","[PREMIUM]","[PREMIUM]","[PREMIUM]",,"PAYING",4.6666665,3,"[PREMIUM]"
"458042997","2026-09-05 01:09:47.645","2026-09-08 22:07:14.719","458042997","[PREMIUM]","[PREMIUM]","[PREMIUM]",4731,"[PREMIUM]","GREAT_PRICE",123135,"USED","CM12103",2020,"Lincoln","Navigator","Reserve 4WD","suv","Black",,"Automatic","Four-Wheel Drive","450 hp 3.5L V6","Gasoline",23.6,16,21,18.25,"4 doors","2020 LINCOLN NAVIGATOR  RESERVE with powerful 3.5L TWIN-TURBOCHARGED V6 -INC AUTO START-STOP engine and driven only 12018 miles! Fully loaded and much more! WE SPECIALIZE IN GUARANTEED CREDIT  APPROVAL PROGRAMS! WITH OVER 50 YEARS OF FINANCING EXPERIENCE WITH GOOD CREDIT, BAD CREDIT, NO CREDIT, BANKRUPTCY & EVEN REPO,  WE CAN HELP! WITH OUR GUARANTEED CREDIT APPROVAL EVERYONE RIDES 100% OF THE TIME. WE HAVE GREAT CUSTOMER SERVICE AND ENDLESS SATISFIED CUSTOMERS. YOU WILL EASILY SEE WHY BUYING YOUR NEXT VEHICLE SHOULD BE WITH US. YOU WILL NOT BE DISAPPOINTED. WE HAVE EXCEPTIONAL CUSTOMER SERVICE AND UPHOLD OUR PROMISE TO SELL THE BEST USED CARS IN NORTHERN VIRGINIA,. DC AND MARYLAND. YOU WILL NOT BE DISAPPOINTED. **FOR MORE GREAT CARS, SUVS, VANS,TRUCKS CHECK ALL OUR INVENTORY**We reserve the right to end this listing at anytime should the vehicle no longer be available for sale and sales prices are subject to change without notice. All vehicles sold are subject to dealer processing fee of $1179.30. Buyers are responsible for all state, county, city taxes and fees, as well as title/registration fees in the state that the vehicle will be registered.[!@@Additional Info@@!]A/C Front,Alloy Wheels,Anti-Lock Brakes,Driver Air Bag,Heated Front Seats,Leather Interior,Leather Seats,Power Mirrors,Power Seats,Power Steering,Power Windows,Premium Sound System,Side Air Bag,Sunroof/Moonroof,Tilt Wheel,Traction Control,MP3 Player,3rd Row Seat,Rear Parking Aid,Chrome Wheels,Backup Camera,Keyless Entry,Bluetooth Capable,Passenger Air Bag,Rear Air Bags,Power Door Locks,Navigation,Cruise Control,AM/FM Stereo,Memory Seat,A/C Rear,Heat/AC,DVD NAV Sys,Auxiliary Audio Input,Multi-Zone A/C,Steering Wheel Audio Controls,Rain Sensing Wipers,Brake Assist","['Leather Seats','Sunroof/Moonroof','Navigation System','Adaptive Cruise Control','Alloy Wheels','Third Row Seating','Bluetooth','Backup Camera','Remote Start','Blind Spot Monitoring','Heated Seats']","[PREMIUM]",29,4,4,0,1,true,11,,true,"t88250",29648,"m38","d530","20110",283056,"DEALER","[PREMIUM]","[PREMIUM]","Manassas","VA","20110","US","[PREMIUM]","[PREMIUM]","[PREMIUM]","[PREMIUM]","[PREMIUM]",,"PAYING",3.8461537,13,"[PREMIUM]"
"458041522","2026-09-05 01:09:47.641","2026-09-12 03:20:05.875","458041522","[PREMIUM]","[PREMIUM]","[PREMIUM]",1515,"[PREMIUM]","GREAT_PRICE",146470,"USED","A160173",2020,"Chevrolet","Equinox","1.5T LT FWD","crossover","Black","Black","6-Speed Automatic Overdrive","Front-Wheel Drive","170 hp 1.5L I4","Gasoline",14.9,,,,"4 doors","Disclaimer :*Prices subject to change without notice and do not include Title, License, Registration Fees, State or Local Taxes or Processing Fees, if any.Please contact seller first for vehicle availability. Although every effort is made to present accurate and reliable information, use of this information is voluntary, and should only be deemed reliable after an independent review of its accuracy, completeness, and timeliness. It is the sole responsibility of the customer to verify the existence of options, accessories and the vehicle condition before time of sale.Any and all differences must be addressed prior to time of sale.No expressed or implied warranties, including the availability or condition of the equipment listed is made. We are not responsible for any errors or omissions contained on these pages. Please verify any information in question with Accumotors Auto Sales(210)801-9015.SEARCH: BMW, VOLKSWAGEN, GMC, CHEVROLET, ACURA, AUDI, BUICK, DODGE, FORD, INFINITI,JEEP, KIA, LAND ROVER, LEXUS, LINCOLN, MASERATI, MAZDA, MERCEDES BENZ, NISSAN,PORSCHE, VOLVO, SAN ANTONIO, AUSTIN, LAREDO, EAGLE PASS, DEL RIO, NEW BRAUNFELS,CORPUS CHRISTI, BROWNSVILLE, VICTORIA, HOUSTON, DALLAS, SAN ANGELO, ODESSA, LUBBOCK, BOERNE..[!@@Additional Info@@!]Rollover Protection,Alloy Wheels,Chevrolet Connected Capable,Backup Camera,4-Cyl Turbo 1.5 Liter,Keyless Entry,Traction Control,F&R Head Curtain Air Bags,Power Steering,Automatic 6-Spd w/Overdrive,1LT,Side Air Bags,ABS (4-Wheel),Power Windows,Push Button Start,Electronic Cruise Control,Chevrolet 3 Infotainment System,Park Assist,Blind Zone Alert,Bluetooth Wireless,Dual Air Bags,Lane Keep Assist,StabiliTrak,Air Conditioning,Roof Rack,FWD,Fog Lights,Power Door Locks,SiriusXM Satellite,Power Seat,Tilt & Telescoping Wheel,AM/FM Stereo,Alarm System,Daytime Running Lights,HID Headlamps,Hill Start Assist","['Bluetooth','Backup Camera','Blind Spot Monitoring','Parking Sensors','Alloy Wheels']","[PREMIUM]",14,8,9,1,2,true,5,,true,"t85749",29200,"m1","d616","78218",344703,"DEALER","[PREMIUM]","[PREMIUM]","San Antonio","TX","78218","US","[PREMIUM]","[PREMIUM]","[PREMIUM]","[PREMIUM]","[PREMIUM]",,"PAYING",4,3,"[PREMIUM]"
"458041839","2026-09-05 01:09:46.157","2026-09-05 01:09:46.157","458041839","[PREMIUM]","[PREMIUM]","[PREMIUM]",2604,"[PREMIUM]","GREAT_PRICE",85538,"USED","OL193837",2020,"Jeep","Grand Cherokee","Laredo E 4WD","suv","Black","Brown (Beige)","8-Speed Automatic","Four-Wheel Drive","295 hp 3.6L V6","Gasoline",24.6,18,25,21.15,"4 doors","2020 Jeep Grand Cherokee Laredo E 4x4 Sport Utility 4DPowerful, comfortable, and capable, this 2020 Jeep Grand Cherokee Laredo E 4x4 combines strong V6 performance, premium SUV comfort, and confident four-wheel-drive capability. Powered by a 3.6L Pentastar V6 engine producing 295 horsepower and 260 lb-ft of torque, paired with an 8-Speed Automatic Transmission, the Grand Cherokee delivers smooth performance and dependable year-round driving.Key Features? 3.6L Pentastar V6 Engine? 295 Horsepower / 260 lb-ft Torque? 8-Speed Automatic Transmission? Four-Wheel Drive (4x4)? Selec-Terrain Traction Management System? Uconnect Infotainment System? 7-Inch Touchscreen Display? Apple CarPlay & Android Auto? Bluetooth Hands-Free Connectivity? ParkView Rear Back-Up Camera? ParkSense Rear Park Assist? Blind Spot Monitoring? Rear Cross Path Detection? Keyless Enter 'n Go? Push-Button Start? Dual-Zone Automatic Climate Control? Power Driver's Seat? Cruise Control? Remote Keyless Entry? Power Windows & Door Locks? 60/40 Split-Folding Rear Seats? Electronic Stability Control? Traction Control? 17-Inch Aluminum WheelsPerformance & Capability Engine: 3.6L Pentastar V6 Horsepower: 295 HP Torque: 260 lb-ft Transmission: 8-Speed Automatic Drivetrain: Four-Wheel Drive (4x4) Maximum Towing Capacity: Up to 6,200 lbs when properly equipped Fuel Type: Regular Unleaded GasolineSpecifications Body Style: Sport Utility 4D Trim: Laredo E 4x4 Seating Capacity: 5 Passengers Flexible 60/40 Split-Folding Rear Seating Cargo Capacity: Approximately 36.3 cu ft behind rear seats / Up to 68.3 cu ft with rear seats foldedThe 2020 Jeep Grand Cherokee Laredo E 4x4 delivers an excellent combination of V6 performance, passenger comfort, cargo versatility, and genuine Jeep capability. With its confident 4x4 system, spacious interior, modern connectivity, and proven Jeep engineering, it's an excellent choice for families, road trips, towing, winter driving, and everyday use.__________________________________________________________________________________G Motors of Old Bridge serves customers throughout North-Central Jersey as part of the G Motors Auto Group. We are committed to clear communication, fair pricing, and helping customers make informed decisions.Price(s) include(s) all costs to be paid by the consumer, except for licensing costs, registration fees, and taxes. In addition, the price does not include a mandatory dealer documentary fee of $895. Prices are subject to change without notice.Certain vehicles may include dealer-installed equipment, product(s), service(s). Additional products and services the customer chooses may be available for purchase, including but not limited to financing products, extended warranties, GAP insurance, and other protection products. Please consult with a sales associate regarding products and options available for a specific vehicle.Vehicle history reports (CARFAX) are available for review on our website for applicable vehicles. Customers are encouraged to review the history report and confirm all vehicle details prior to purchase.G Motors of Waterford is not responsible for typographical errors or errors in the listing of options, which may occur due to automatic decoding from the vehicle's VIN. Vehicle equipment information is based on standard equipment and may vary from vehicle to vehicle. Actual equipment, features, or options may differ. Customers and prospective purchasers should verify all vehicle information, pricing, features, and availability directly with a sales associate prior to purchase.Vehicle details, features, options, pricing, and availability are subject to prior sale and change.Financing & Customer SupportWe work diligently with our partner lenders, includingCapital One,Ally Financial,Exeter Finance,Westlake Financial, andAmeriCredit, to help customers explore financing options and work toward approval. Credit approval, terms, and conditions are determined by the lender.For assistance, please contact one of ourSales Specialists at (732) 800-7003.We are conveniently located a 1225 US-9, Old Bridge, NJ 08857.If you have any concerns regarding the service we provide, please contact ourGeneral Managerat eugene@gmotors.com[!@@Additional Info@@!]Traction Control,Tilt & Telescoping Wheel,Rear Spoiler,Keyless Entry,Power Windows,Power Door Locks,Bluetooth Wireless,Air Conditioning,Blind-Spot Alert,AM/FM Stereo,Uconnect,Alloy Wheels,Daytime Running Lights,Automatic 8-Spd,Dual Air Bags,4WD,ParkView Back-Up Camera,Electronic Stability Control,V6 VVT 3.6 Liter,Keyless Start,Power Seat,F&R Head Curtain Air Bags,Hill Start Assist Control,Side Air Bags,Knee Air Bags,Fog Lights,ParkSense Park Assist,Power Steering,Cruise Control,ABS (4-Wheel)","['Alloy Wheels','Bluetooth','Backup Camera','Blind Spot Monitoring','Parking Sensors','Android Auto','CarPlay']","[PREMIUM]",,0,1,0,1,true,7,,,"t87083",29397,"m32","d490","08857",452942,"DEALER","[PREMIUM]","[PREMIUM]","Old Bridge","NJ","08857","US","[PREMIUM]","[PREMIUM]","[PREMIUM]","[PREMIUM]","[PREMIUM]",,"PAYING",3.348387,155,"[PREMIUM]"
"458035850","2026-09-05 01:09:46.139","2026-09-16 00:09:59.805","458035850","[PREMIUM]","[PREMIUM]","[PREMIUM]",-2279,"[PREMIUM]","FAIR_PRICE",64900,"USED","2354",2007,"Ford","Mustang","GT Premium Coupe RWD","coupe","Gray",,"Automatic","Rear-Wheel Drive","300 hp 4.6L V8","Gasoline",16,15,22,18.15,"2 doors","*** CARFAX AVAILABLE UPON REQUEST***TRADE INS ARE WELCOME**WE ACCEPT CASH AND WE CAN GET YOU FINANCED!!!**WE WORK WITH ALL CREDIT UNION'S AND BANKS1ST TIME BUYER PROGRAM OFFERED (IN HOUSE FINANCING ON CERTAIN VEHICLES)ASK ABOUT THE FREE WARRANTYCOME DOWN AND SEE THE CAR IN PERSON!831-297-0997 (PAT)All advertised prices are discounted for cash only; finance available on approved credit, finance prices will be higher for In-House financing. Severe credit problems may require a higher down payment, Advertised prices exclude government fees and taxes, any finance charges, any document preparation charge, and any emission testing charge. The price for listed vehicles as equipped does not include charges such as: Title, License, Smog fees, State or local taxes, Registration fees, or delivery fees.  All vehicles that are advertised for sale/ promotional specials are discounted from the WINDOW STICKER PRICE only. They are NOT discounted form the listed online cash price. Sales/ or Promotions are on selected vehicles only.[!@@Additional Info@@!]ABS (4-Wheel), Air Conditioning, Alloy Wheels, AM/FM Stereo, CD/MP3 (Single Disc), Cruise Control, Dual Air Bags, Leather, Power Door Locks, Power Seat, Power Steering, Power Windows, Rear Spoiler, Shaker Premium Sound, Side Air Bags, Tilt Wheel, Traction Control","['LE Package','Leather Seats','Alloy Wheels','Appearance Package','Sport Chrono Package','Heat Package','Premium Package','Upgrade Package']","[PREMIUM]",20,12,13,2,1,true,8,,,"t24816",3684,"m2","d2","95020",373071,"DEALER","[PREMIUM]","[PREMIUM]","Gilroy","CA","95020","US","[PREMIUM]","[PREMIUM]","[PREMIUM]","[PREMIUM]","[PREMIUM]",,"PAYING",3.6666667,6,"[PREMIUM]"
